{"name":"59a1a0bb-9203-445d-b88d-9555d2b524c7","id":"/providers/Microsoft.Flow/flows/59a1a0bb-9203-445d-b88d-9555d2b524c7","type":"Microsoft.Flow/flows","properties":{"apiId":"/providers/Microsoft.PowerApps/apis/shared_logicflows","displayName":"MainApprovalLive","definition":{"metadata":{"workflowEntityId":null,"processAdvisorMetadata":null,"flowChargedByPaygo":null,"flowclientsuspensionreason":"None","flowclientsuspensiontime":null,"flowclientsuspensionreasondetails":null,"creator":{"id":"5373e8b1-b0e2-4508-a0ef-667b6f261605","type":"User","tenantId":"fbb6f8eb-6233-4b2e-9ac3-bcad8d47ffda"},"provisioningMethod":"FromDefinition","failureAlertSubscription":true,"clientLastModifiedTime":"2025-09-12T11:33:17.7152212Z","connectionKeySavedTimeKey":"2025-09-12T11:33:17.7152212Z","creationSource":null},"$schema":"https://schema.management.azure.com/providers/Microsoft.Logic/schemas/2016-06-01/workflowdefinition.json#","contentVersion":"1.0.0.0","parameters":{"$connections":{"defaultValue":{},"type":"Object"},"$authentication":{"defaultValue":{},"type":"SecureObject"}},"triggers":{"When_an_item_is_created":{"recurrence":{"frequency":"Minute","interval":3},"splitOn":"@triggerOutputs()?['body/value']","metadata":{"operationMetadataId":"cbadff66-1bd6-4547-bfe4-2a1613990c37"},"type":"OpenApiConnection","inputs":{"host":{"apiId":"/providers/Microsoft.PowerApps/apis/shared_sharepointonline","connectionName":"shared_sharepointonline","operationId":"GetOnNewItems"},"parameters":{"dataset":"https://induslaw2.sharepoint.com/sites/IndusLawITHelpdeskTool","table":"aee1021a-8a14-45e0-b52b-eed124dca0f9"},"authentication":"@parameters('$authentication')"}}},"actions":{"Get_items":{"runAfter":{"Delay_2":["Succeeded"]},"metadata":{"operationMetadataId":"5e6859fc-1482-41e2-98cc-7fc7361c9411"},"type":"OpenApiConnection","inputs":{"host":{"apiId":"/providers/Microsoft.PowerApps/apis/shared_sharepointonline","connectionName":"shared_sharepointonline","operationId":"GetItems"},"parameters":{"dataset":"https://induslaw2.sharepoint.com/sites/IndusLawITHelpdeskTool","table":"aee1021a-8a14-45e0-b52b-eed124dca0f9"},"authentication":"@parameters('$authentication')"}},"Try":{"actions":{"Compose":{"runAfter":{},"metadata":{"operationMetadataId":"7cc782db-572a-4ddc-ab6d-cb464d39bbb9"},"type":"Compose","inputs":"@add(length(outputs('Get_items')?['body/value']),1)"},"HTML_Compose_PDF":{"runAfter":{"AllAmounts":["Succeeded"]},"metadata":{"operationMetadataId":"0fd24813-2bf3-43ba-9ca5-abc010773fef"},"type":"Compose","inputs":"<!DOCTYPE html>\n<html>\n<head>\n<style>\n    body {\n        font-family: Verdana, sans-serif;\n        font-size: 14px;\n    }\n    .container {\n        width: 100%;\n    }\n    .row {\n        display: flex;\n        justify-content: space-between;\n        margin-bottom: 10px;\n    }\n    label {\n        font-weight: bold;\n        margin-right: 5px;\n    }\n    .value {\n        font-weight: normal;\n        color: #333;\n    }\n    table {\n        width: 100%;\n        margin-top: 20px;\n        border: 1px solid #000; \n        border-collapse: collapse;\n    }\n    th, td {\n        border: 1px solid #000 !important;\n        padding: 8px;\n        vertical-align: top;\n    }\n    th {\n        background-color: #b05252;\n        color: white;\n    }\n</style>\n</head>\n<body>\n\n<div class=\"container\">\n    <!-- Voucher Header -->\n    <div class=\"row\">\n        <div>\n            <label>Date of Voucher:</label>\n            <span class=\"value\">@{triggerOutputs()?['body/DateofVoucher']}</span>\n        </div>\n        <div>\n            <label>Prepared By:</label>\n            <span class=\"value\">@{triggerOutputs()?['body/PreparedBy/DisplayName']}</span>\n        </div>\n    </div>\n\n    <div class=\"row\">\n        <div>\n            <label>Payee Name:</label>\n            <span class=\"value\">@{triggerOutputs()?['body/Payee_Name']}</span>\n        </div>\n        <div>\n            <label>Voucher to be approved by:</label>\n            <span class=\"value\">@{triggerOutputs()?['body/VoucherToBeApprovedBy/DisplayName']}</span>\n        </div>\n    </div>\n\n    <div class=\"row\">\n        <div>\n            <label>Office:</label>\n            <span class=\"value\">@{triggerOutputs()?['body/Office/Value']}</span>\n        </div>\n    </div>\n\n    <!-- Line Items Table -->\n    <table>\n    <thead>\n        <tr>\n            <th>Date Incurred</th>\n            <th>Type</th>\n            <th>Nature of Expense</th>\n            <th>Matter</th>\n            <th>Client</th>\n            <th>Partner-Incharge</th>\n            <th>Billable</th>\n            <th>Description</th>\n            <th>Supporting Bill</th>\n            <th>Amount</th>\n        </tr>\n    </thead>\n    <tbody>\n<!-- 🔹 Row 1 -->\n    <tr>\n        <td>\n            <div>\n                @{first(split(outputs('AllDate'), decodeUriComponent('%0A')))}\n            </div>\n        </td>\n        <td>\n            <div>\n                @{first(split(outputs('All_VchType'), decodeUriComponent('%0A')))}\n            </div>\n        </td>\n        <td>\n            <div>\n                @{first(split(outputs('All_Nature'), decodeUriComponent('%0A')))}\n            </div>\n        </td>\n        <td>\n            <div>\n                @{first(split(outputs('AllMatter'), decodeUriComponent('%0A')))}\n            </div>\n        </td>\n        <td>\n            <div>\n                @{first(split(outputs('AllClient'), decodeUriComponent('%0A')))}\n            </div>\n        </td>\n        <td>\n            <div>\n                @{first(split(outputs('AllPartner'), decodeUriComponent('%0A')))}\n            </div>\n        </td>\n        <td>\n            <div>\n                @{first(split(outputs('AllBillable'), decodeUriComponent('%0A')))}\n            </div>\n        </td>\n        <td>\n            <div>\n                @{first(split(outputs('AllDescription'), decodeUriComponent('%0A')))}\n            </div>\n        </td>\n        <td>\n            <div>\n                @{first(split(outputs('AllSupBill'), decodeUriComponent('%0A')))}\n            </div>\n        </td>\n        <td>\n            <div>\n                @{first(split(outputs('AllAmounts'), decodeUriComponent('%0A')))}\n            </div>\n        </td>\n    </tr>\n<!-- 🔹 Row 2 -->\n<tr>\n        <td>\n            <div>\n                @{skip(split(outputs('AllDate'), decodeUriComponent('%0A')),1)?[0]}\n            </div>\n        </td>\n        <td>\n            <div>\n                @{skip(split(outputs('All_VchType'), decodeUriComponent('%0A')),1)?[0]}\n            </div>\n        </td>\n        <td>\n            <div>\n                @{skip(split(outputs('All_Nature'), decodeUriComponent('%0A')),1)?[0]}\n            </div>\n        </td>\n        <td>\n            <div>\n                @{skip(split(outputs('AllMatter'), decodeUriComponent('%0A')),1)?[0]}\n            </div>\n        </td>\n        <td>\n            <div>\n                @{skip(split(outputs('AllClient'), decodeUriComponent('%0A')),1)?[0]}\n            </div>\n        </td>\n        <td>\n            <div>\n                @{skip(split(outputs('AllPartner'), decodeUriComponent('%0A')),1)?[0]}\n            </div>\n        </td>\n        <td>\n            <div>\n                @{skip(split(outputs('AllBillable'), decodeUriComponent('%0A')),1)?[0]}\n            </div>\n        </td>\n        <td>\n            <div>\n                @{skip(split(outputs('AllDescription'), decodeUriComponent('%0A')),1)?[0]}\n            </div>\n        </td>\n        <td>\n            <div>\n                @{skip(split(outputs('AllSupBill'), decodeUriComponent('%0A')),1)?[0]}\n            </div>\n        </td>\n        <td>\n            <div>\n                @{skip(split(outputs('AllAmounts'), decodeUriComponent('%0A')),1)?[0]}\n            </div>\n        </td>\n    </tr>\n<!-- 🔹 Row 3 -->\n<tr>\n        <td>\n            <div>\n                @{skip(split(outputs('AllDate'), decodeUriComponent('%0A')),2)?[0]}\n            </div>\n        </td>\n        <td>\n            <div>\n                @{skip(split(outputs('All_VchType'), decodeUriComponent('%0A')),2)?[0]}\n            </div>\n        </td>\n        <td>\n            <div>\n                @{skip(split(outputs('All_Nature'), decodeUriComponent('%0A')),2)?[0]}\n            </div>\n        </td>\n        <td>\n            <div>\n                @{skip(split(outputs('AllMatter'), decodeUriComponent('%0A')),2)?[0]}\n            </div>\n        </td>\n        <td>\n            <div>\n                @{skip(split(outputs('AllClient'), decodeUriComponent('%0A')),2)?[0]}\n            </div>\n        </td>\n        <td>\n            <div>\n                @{skip(split(outputs('AllPartner'), decodeUriComponent('%0A')),2)?[0]}\n            </div>\n        </td>\n        <td>\n            <div>\n                @{skip(split(outputs('AllBillable'), decodeUriComponent('%0A')),2)?[0]}\n            </div>\n        </td>\n        <td>\n            <div>\n                @{skip(split(outputs('AllDescription'), decodeUriComponent('%0A')),2)?[0]}\n            </div>\n        </td>\n        <td>\n            <div>\n                @{skip(split(outputs('AllSupBill'), decodeUriComponent('%0A')),2)?[0]}\n            </div>\n        </td>\n        <td>\n            <div>\n                @{skip(split(outputs('AllAmounts'), decodeUriComponent('%0A')),2)?[0]}\n            </div>\n        </td>\n    </tr>\n<!-- 🔹 Row 4 -->\n<tr>\n        <td>\n            <div>\n                @{skip(split(outputs('AllDate'), decodeUriComponent('%0A')),3)?[0]}\n            </div>\n        </td>\n        <td>\n            <div>\n                @{skip(split(outputs('All_VchType'), decodeUriComponent('%0A')),3)?[0]}\n            </div>\n        </td>\n        <td>\n            <div>\n                @{skip(split(outputs('All_Nature'), decodeUriComponent('%0A')),3)?[0]}\n            </div>\n        </td>\n        <td>\n            <div>\n                @{skip(split(outputs('AllMatter'), decodeUriComponent('%0A')),3)?[0]}\n            </div>\n        </td>\n        <td>\n            <div>\n                @{skip(split(outputs('AllClient'), decodeUriComponent('%0A')),3)?[0]}\n            </div>\n        </td>\n        <td>\n            <div>\n                @{skip(split(outputs('AllPartner'), decodeUriComponent('%0A')),3)?[0]}\n            </div>\n        </td>\n        <td>\n            <div>\n                @{skip(split(outputs('AllBillable'), decodeUriComponent('%0A')),3)?[0]}\n            </div>\n        </td>\n        <td>\n            <div>\n                @{skip(split(outputs('AllDescription'), decodeUriComponent('%0A')),3)?[0]}\n            </div>\n        </td>\n        <td>\n            <div>\n                @{skip(split(outputs('AllSupBill'), decodeUriComponent('%0A')),3)?[0]}\n            </div>\n        </td>\n        <td>\n            <div>\n                @{skip(split(outputs('AllAmounts'), decodeUriComponent('%0A')),3)?[0]}\n            </div>\n        </td>\n    </tr>\n<!-- 🔹 Row 5 -->\n<tr>\n        <td>\n            <div>\n                @{skip(split(outputs('AllDate'), decodeUriComponent('%0A')),4)?[0]}\n            </div>\n        </td>\n        <td>\n            <div>\n                @{skip(split(outputs('All_VchType'), decodeUriComponent('%0A')),4)?[0]}\n            </div>\n        </td>\n        <td>\n            <div>\n                @{skip(split(outputs('All_Nature'), decodeUriComponent('%0A')),4)?[0]}\n            </div>\n        </td>\n        <td>\n            <div>\n                @{skip(split(outputs('AllMatter'), decodeUriComponent('%0A')),4)?[0]}\n            </div>\n        </td>\n        <td>\n            <div>\n                @{skip(split(outputs('AllDate'), decodeUriComponent('%0A')),4)?[0]}\n            </div>\n        </td>\n        <td>\n            <div>\n                @{skip(split(outputs('AllPartner'), decodeUriComponent('%0A')),4)?[0]}\n            </div>\n        </td>\n        <td>\n            <div>\n                @{skip(split(outputs('AllBillable'), decodeUriComponent('%0A')),4)?[0]}\n            </div>\n        </td>\n        <td>\n            <div>\n               @{skip(split(outputs('AllDescription'), decodeUriComponent('%0A')),4)?[0]} \n            </div>\n        </td>\n        <td>\n            <div>\n                @{skip(split(outputs('AllSupBill'), decodeUriComponent('%0A')),4)?[0]}\n            </div>\n        </td>\n        <td>\n            <div>\n                @{skip(split(outputs('AllAmounts'), decodeUriComponent('%0A')),4)?[0]}\n            </div>\n        </td>\n    </tr>\n<!-- 🔹 Row 6 -->\n<tr>\n        <td>\n            <div>\n                @{skip(split(outputs('AllDate'), decodeUriComponent('%0A')),5)?[0]}\n            </div>\n        </td>\n        <td>\n            <div>\n                @{skip(split(outputs('All_VchType'), decodeUriComponent('%0A')),5)?[0]}\n            </div>\n        </td>\n        <td>\n            <div>\n                @{skip(split(outputs('All_Nature'), decodeUriComponent('%0A')),5)?[0]}\n            </div>\n        </td>\n        <td>\n            <div>\n                @{skip(split(outputs('AllMatter'), decodeUriComponent('%0A')),5)?[0]}\n            </div>\n        </td>\n        <td>\n            <div>\n                @{skip(split(outputs('AllClient'), decodeUriComponent('%0A')),5)?[0]}\n            </div>\n        </td>\n        <td>\n            <div>\n                @{skip(split(outputs('AllPartner'), decodeUriComponent('%0A')),5)?[0]}\n            </div>\n        </td>\n        <td>\n            <div>\n                @{skip(split(outputs('AllBillable'), decodeUriComponent('%0A')),5)?[0]}\n            </div>\n        </td>\n        <td>\n            <div>\n              @{skip(split(outputs('AllDescription'), decodeUriComponent('%0A')),5)?[0]}  \n            </div>\n        </td>\n        <td>\n            <div>\n                @{skip(split(outputs('AllSupBill'), decodeUriComponent('%0A')),5)?[0]}\n            </div>\n        </td>\n        <td>\n            <div>\n                @{skip(split(outputs('AllAmounts'), decodeUriComponent('%0A')),5)?[0]}\n            </div>\n        </td>\n    </tr>\n</tbody>\n<tfoot>\n    <tr>\n        <td colspan=\"9\" style=\"text-align:center; font-weight:bold;\">Total:</td>\n        <td style=\"text-align:right; font-weight:bold;\">\n          @{triggerOutputs()?['body/Amount']}  \n        </td>\n    </tr>\n</tfoot>\n\n</table>\n<br>\n<a href=\"@{outputs('File_Path')}\">Go to Folder</a>\n</div>\n\n</body>\n</html>\n"},"Create_file":{"runAfter":{"HTML_Compose_PDF":["Succeeded"]},"metadata":{"operationMetadataId":"d94cb3c6-ffd9-4229-972c-309b1f5d5510"},"type":"OpenApiConnection","inputs":{"host":{"apiId":"/providers/Microsoft.PowerApps/apis/shared_onedriveforbusiness","connectionName":"shared_onedriveforbusiness","operationId":"CreateFile"},"parameters":{"folderPath":"/Invoices of Payee","name":"@{triggerOutputs()?['body/DateofVoucher']}-@{triggerOutputs()?['body/Payee_Name']}-@{outputs('Update_item_2')?['body/S_x002e_No_x002e_']}.html","body":"@outputs('HTML_Compose_PDF')"},"authentication":"@parameters('$authentication')"},"runtimeConfiguration":{"contentTransfer":{"transferMode":"Chunked"}}},"Convert_file":{"runAfter":{"Create_file":["Succeeded"]},"metadata":{"operationMetadataId":"ee9a47b8-04bb-46b9-bc12-a807a7787096"},"type":"OpenApiConnection","inputs":{"host":{"apiId":"/providers/Microsoft.PowerApps/apis/shared_onedriveforbusiness","connectionName":"shared_onedriveforbusiness","operationId":"ConvertFile"},"parameters":{"id":"@outputs('Create_file')?['body/Id']","type":"PDF"},"authentication":"@parameters('$authentication')"}},"Create_an_approval":{"runAfter":{"Convert_file":["Succeeded"]},"metadata":{"operationMetadataId":"07a7342d-f4f8-410f-afbc-33039111bb82"},"type":"OpenApiConnection","inputs":{"host":{"apiId":"/providers/Microsoft.PowerApps/apis/shared_approvals","connectionName":"shared_approvals","operationId":"CreateAnApproval"},"parameters":{"approvalType":"CustomResponse","ApprovalCreationInput/responseOptions":["Approve","Re-Submit"],"ApprovalCreationInput/title":"Payment/Reimbursement request Approval @{triggerOutputs()?['body/DateofVoucher']}–@{outputs('Update_item_2')?['body/Payee_Name']}–@{outputs('Update_item_2')?['body/S_x002e_No_x002e_']}","ApprovalCreationInput/assignedTo":"prince.panchal@cms-induslaw.com;  @{outputs('Update_item_2')?['body/VoucherToBeApprovedBy/Email']};","ApprovalCreationInput/details":"Hi @{outputs('Update_item_2')?['body/VoucherToBeApprovedBy/DisplayName']},\n\n@{outputs('Update_item_2')?['body/PreparedBy/DisplayName']} has submitted their voucher and is pending for your approval.\n\n\nVoucher Date: @{triggerOutputs()?['body/DateofVoucher']}\nPayee Name:   @{triggerOutputs()?['body/Payee_Name']}\nAmount:          @{triggerOutputs()?['body/Amount']}\n\n\nPlease see the attached file to view the full voucher.\n\nRegards,\nInduslaw Account Payable","ApprovalCreationInput/enableNotifications":true,"ApprovalCreationInput/enableReassignment":true,"ApprovalCreationInput/attachments":[{"name":"@outputs('Convert_file')?['headers/x-ms-file-name']","content":"@body('Convert_file')"}]},"authentication":"@parameters('$authentication')"}},"Delay":{"runAfter":{"Update_item_3":["Succeeded"]},"metadata":{"operationMetadataId":"0de149e7-2406-44ec-812d-915e6cfe0997"},"type":"Wait","inputs":{"interval":{"count":10,"unit":"Second"}}},"Get_emails_(V3)":{"runAfter":{"Delay":["Succeeded"]},"metadata":{"operationMetadataId":"baa96861-f65e-46f2-bc3a-43760690d3d1"},"type":"OpenApiConnection","inputs":{"host":{"apiId":"/providers/Microsoft.PowerApps/apis/shared_office365","connectionName":"shared_office365","operationId":"GetEmailsV3"},"parameters":{"folderPath":"Inbox","to":"@triggerOutputs()?['body/VoucherToBeApprovedBy/Email']","from":"flow-noreply@microsoft.com","fetchOnlyUnread":false,"includeAttachments":false,"searchQuery":"Approvals","top":1,"importance":"Any","fetchOnlyWithAttachment":false},"authentication":"@parameters('$authentication')"}},"Apply_to_each":{"foreach":"@outputs('Get_emails_(V3)')?['body/value']","actions":{"Update_item":{"runAfter":{},"metadata":{"operationMetadataId":"4cdaaba3-70fa-458e-896d-95df48e85a64"},"type":"OpenApiConnection","inputs":{"host":{"apiId":"/providers/Microsoft.PowerApps/apis/shared_sharepointonline","connectionName":"shared_sharepointonline","operationId":"PatchItem"},"parameters":{"dataset":"https://induslaw2.sharepoint.com/sites/IndusLawITHelpdeskTool","table":"aee1021a-8a14-45e0-b52b-eed124dca0f9","id":"@triggerOutputs()?['body/ID']","item/VoucherStatus/Value":"Pending for Partner","item/AccountsTeamApproval/Value":"Pending","item/AccTeamApprovalSent":false,"item/AccountsManagerApproval/Value":"Pending","item/AccManagApprovalSent":false,"item/PartnerApproval/Value":"Pending","item/CFOApprovalSent":false,"item/DharmeshApproval/Value":"Pending","item/CEOApprovalSent":false,"item/Jay_x0028_CEO_x0029_Approval/Value":"Pending","item/Status/Value":"Pending","item/ApprovalID":"@outputs('Create_an_approval')?['body/name']","item/EmailTime":"@outputs('Create_an_approval')?['body/requestDate']","item/MessageID":"@items('Apply_to_each')?['id']","item/IsActive":true,"item/Logged":false},"authentication":"@parameters('$authentication')"}}},"runAfter":{"Get_emails_(V3)":["Succeeded"]},"metadata":{"operationMetadataId":"2b96c30e-8115-4b44-a747-2271c44a062d"},"type":"Foreach"},"Condition":{"actions":{"Get_attachments":{"runAfter":{},"metadata":{"operationMetadataId":"08279346-758b-4b26-a2fa-cd533ef50493"},"type":"OpenApiConnection","inputs":{"host":{"apiId":"/providers/Microsoft.PowerApps/apis/shared_sharepointonline","connectionName":"shared_sharepointonline","operationId":"GetItemAttachments"},"parameters":{"dataset":"https://induslaw2.sharepoint.com/sites/IndusLawITHelpdeskTool","table":"aee1021a-8a14-45e0-b52b-eed124dca0f9","itemId":"@triggerOutputs()?['body/ID']"},"authentication":"@parameters('$authentication')"}},"Create_new_folder":{"runAfter":{"Get_attachments":["Succeeded"]},"metadata":{"operationMetadataId":"2db692c1-5d37-4671-8aca-d8728f1b4db8"},"type":"OpenApiConnection","inputs":{"host":{"apiId":"/providers/Microsoft.PowerApps/apis/shared_sharepointonline","connectionName":"shared_sharepointonline","operationId":"CreateNewFolder"},"parameters":{"dataset":"https://induslaw2.sharepoint.com/sites/IndusLawITHelpdeskTool","table":"577ffef1-fe3d-44b0-a339-ce4f4a8bb123","parameters/path":"@concat('Fy24-25/',\r\n  formatDateTime(utcNow(),'MMMM yyyy'),\r\n  '/',\r\n  triggerOutputs()?['body/DateofVoucher'],\r\n  ' - ',\r\n  triggerOutputs()?['body/Payee_Name'],\r\n  ' - ',\r\n  'PA - ',triggerOutputs()?['body/ID']\r\n)\r\n"},"authentication":"@parameters('$authentication')"}},"Apply_to_each_2":{"foreach":"@body('Get_attachments')","actions":{"Get_attachment_content":{"runAfter":{},"metadata":{"operationMetadataId":"9ffffac9-424b-4696-86ae-3a9344f90c67"},"type":"OpenApiConnection","inputs":{"host":{"apiId":"/providers/Microsoft.PowerApps/apis/shared_sharepointonline","connectionName":"shared_sharepointonline","operationId":"GetAttachmentContent"},"parameters":{"dataset":"https://induslaw2.sharepoint.com/sites/IndusLawITHelpdeskTool","table":"aee1021a-8a14-45e0-b52b-eed124dca0f9","itemId":"@triggerOutputs()?['body/ID']","attachmentId":"@item()?['Id']"},"authentication":"@parameters('$authentication')"}},"Create_file_2":{"runAfter":{"Get_attachment_content":["Succeeded"]},"metadata":{"operationMetadataId":"149d74c6-5f13-4beb-b112-fa7896b27cfa"},"type":"OpenApiConnection","inputs":{"host":{"apiId":"/providers/Microsoft.PowerApps/apis/shared_sharepointonline","connectionName":"shared_sharepointonline","operationId":"CreateFile"},"parameters":{"dataset":"https://induslaw2.sharepoint.com/sites/IndusLawITHelpdeskTool","folderPath":"@outputs('Create_new_folder')?['body/{FullPath}']","name":"@item()?['DisplayName']","body":"@body('Get_attachment_content')"},"authentication":"@parameters('$authentication')"},"runtimeConfiguration":{"contentTransfer":{"transferMode":"Chunked"}}},"Set_variable":{"runAfter":{"Create_file_2":["Succeeded"]},"metadata":{"operationMetadataId":"95f39f30-50ae-4f74-8859-e24bd36c00a3"},"type":"SetVariable","inputs":{"name":"Folder Link","value":"@{concat('https://induslaw2.sharepoint.com/sites/IndusLawITHelpdeskTool/Shared Documents/Forms/AllItems.aspx?id=/sites/IndusLawITHelpdeskTool/',outputs('Create_new_folder')?['body/{FullPath}'])\r\n}"}}},"runAfter":{"Create_new_folder":["Succeeded"]},"metadata":{"operationMetadataId":"5569fa63-bf7f-47b2-9dbb-7d8a85d917db"},"type":"Foreach"}},"runAfter":{"Update_item_2":["Succeeded"]},"expression":{"equals":["@triggerOutputs()?['body/{HasAttachments}']","@true"]},"metadata":{"operationMetadataId":"b6a16280-258f-4290-a700-72dfaaec6b40"},"type":"If"},"Update_item_2":{"runAfter":{"Compose":["Succeeded"]},"metadata":{"operationMetadataId":"bde0a857-c3c0-4d13-93bc-72afe9559014"},"type":"OpenApiConnection","inputs":{"host":{"apiId":"/providers/Microsoft.PowerApps/apis/shared_sharepointonline","connectionName":"shared_sharepointonline","operationId":"PatchItem"},"parameters":{"dataset":"https://induslaw2.sharepoint.com/sites/IndusLawITHelpdeskTool","table":"aee1021a-8a14-45e0-b52b-eed124dca0f9","id":"@triggerOutputs()?['body/ID']","item/VoucherStatus/Value":"Pending for Partner","item/S_x002e_No_x002e_":"PA - @{triggerOutputs()?['body/ID']}","item/AccountsTeamApproval/Value":"Pending","item/AccTeamApprovalSent":false,"item/AccountsManagerApproval/Value":"Pending","item/AccManagApprovalSent":false,"item/CFOApprovalSent":false,"item/DharmeshApproval/Value":"Pending","item/CEOApprovalSent":false,"item/Jay_x0028_CEO_x0029_Approval/Value":"Pending","item/Status/Value":"Pending","item/IsActive":true,"item/IsUpdatedFromUI/Value":"No","item/SenttoZoho":false,"item/Logged":false,"item/CurrentStage":1},"authentication":"@parameters('$authentication')"}},"Update_item_3":{"runAfter":{"Create_an_approval":["Succeeded"]},"metadata":{"operationMetadataId":"dd2983ad-899f-49bf-b635-c04b9b60b94d"},"type":"OpenApiConnection","inputs":{"host":{"apiId":"/providers/Microsoft.PowerApps/apis/shared_sharepointonline","connectionName":"shared_sharepointonline","operationId":"PatchItem"},"parameters":{"dataset":"https://induslaw2.sharepoint.com/sites/IndusLawITHelpdeskTool","table":"aee1021a-8a14-45e0-b52b-eed124dca0f9","id":"@triggerOutputs()?['body/ID']","item/VoucherStatus/Value":"Pending for Partner","item/AccountsTeamApproval/Value":"Pending","item/AccTeamApprovalSent":false,"item/AccountsManagerApproval/Value":"Pending","item/AccManagApprovalSent":false,"item/CFOApprovalSent":false,"item/DharmeshApproval/Value":"Pending","item/CEOApprovalSent":false,"item/Jay_x0028_CEO_x0029_Approval/Value":"Pending","item/Status/Value":"Pending","item/ApprovalID":"@outputs('Create_an_approval')?['body/name']","item/EmailTime":"@outputs('Create_an_approval')?['body/requestDate']","item/SomeoneisEditing":false,"item/IsActive":true,"item/ModifiedAfterApproved":false,"item/IsUpdatedFromUI/Value":"No","item/SenttoZoho":false,"item/NewFolderPath":"@outputs('File_Path')","item/Logged":false,"item/CurrentStage":1},"authentication":"@parameters('$authentication')"}},"AllDate":{"runAfter":{"File_Path":["Succeeded"]},"metadata":{"operationMetadataId":"b4cd84bd-c3fd-4adb-bac0-637d7541eb92"},"type":"Compose","inputs":"@split(triggerOutputs()?['body/DateIncurred'], '\\n')?[0]\r\n"},"All_VchType":{"runAfter":{"AllDate":["Succeeded"]},"metadata":{"operationMetadataId":"c34f3789-0cfe-44c9-8e1f-363b2bf59239"},"type":"Compose","inputs":"@split(triggerOutputs()?['body/VoucherType'], '\\n')?[0]\r\n"},"All_Nature":{"runAfter":{"All_VchType":["Succeeded"]},"metadata":{"operationMetadataId":"51b58171-5918-414b-b5b7-e0e661b78868"},"type":"Compose","inputs":"@split(triggerOutputs()?['body/NatureOfExpense'], '\\n')?[0]\r\n"},"AllMatter":{"runAfter":{"All_Nature":["Succeeded"]},"metadata":{"operationMetadataId":"8f89c239-fb3b-4291-ad03-286dd6d81c35"},"type":"Compose","inputs":"@split(triggerOutputs()?['body/UberallCode'], '\\n')?[0]\r\n"},"AllClient":{"runAfter":{"AllMatter":["Succeeded"]},"metadata":{"operationMetadataId":"c4ecd215-18bc-4f5a-b474-0830726ddbfd"},"type":"Compose","inputs":"@split(triggerOutputs()?['body/ClientName'], '\\n')?[0]\r\n"},"AllPartner":{"runAfter":{"AllClient":["Succeeded"]},"metadata":{"operationMetadataId":"2f1ff6d7-73bd-4c68-981b-40fae94d331b"},"type":"Compose","inputs":"@split(triggerOutputs()?['body/PartnerName_LineItem'], '\\n')?[0]\r\n"},"AllBillable":{"runAfter":{"AllPartner":["Succeeded"]},"metadata":{"operationMetadataId":"e7be3e77-e1fc-408b-a7f1-40dbdaa9687d"},"type":"Compose","inputs":"@split(triggerOutputs()?['body/BillableOrNonbillable'], '\\n')?[0]\r\n"},"AllDescription":{"runAfter":{"AllBillable":["Succeeded"]},"metadata":{"operationMetadataId":"ceeddfff-a519-485b-9580-309600a821a8"},"type":"Compose","inputs":"@split(triggerOutputs()?['body/Description'], '\\n')?[0]\r\n"},"AllSupBill":{"runAfter":{"AllDescription":["Succeeded"]},"metadata":{"operationMetadataId":"eb7ad564-31ea-47fc-92c3-749993148700"},"type":"Compose","inputs":"@split(triggerOutputs()?['body/Bill0'], '\\n')?[0]\r\n"},"AllAmounts":{"runAfter":{"AllSupBill":["Succeeded"]},"metadata":{"operationMetadataId":"285568b4-b4a5-4351-b979-ac8cb92e71f3"},"type":"Compose","inputs":"@split(triggerOutputs()?['body/AllAmounts'], '\\n')?[0]\r\n"},"File_Path":{"runAfter":{"Condition":["Succeeded"]},"metadata":{"operationMetadataId":"9809d50b-77fe-4f87-a160-387025ae6378"},"type":"Compose","inputs":"@variables('Folder Link')"}},"runAfter":{"Folder_Link":["Succeeded"]},"metadata":{"operationMetadataId":"8e85378e-7618-41a6-a38a-e2ad60a60477"},"type":"Scope"},"Catch":{"actions":{"Filter_array":{"runAfter":{},"metadata":{"operationMetadataId":"1c0504be-72f1-40ae-9c2b-de530625bec4"},"type":"Query","inputs":{"from":"@result('Try')","where":"@equals(item()?['Status'], 'Failed')"}},"Create_HTML_table":{"runAfter":{"Filter_array":["Succeeded"]},"metadata":{"operationMetadataId":"6be04db7-c262-4353-bbcf-847af41a7369"},"type":"Table","inputs":{"from":"@body('Filter_array')","format":"HTML","columns":[{"header":"Action","value":"@item()?['name']"},{"header":"Status","value":"@item()?['Status']"},{"header":"ErrorMessage","value":"@item()?['body']?['error']?['message']"}]}},"Send_an_email_(V2)":{"runAfter":{"Create_HTML_table":["Succeeded"]},"metadata":{"operationMetadataId":"9e61004b-a3b2-4e63-8bd9-728317bd5a05"},"type":"OpenApiConnection","inputs":{"host":{"apiId":"/providers/Microsoft.PowerApps/apis/shared_office365","connectionName":"shared_office365","operationId":"SendEmailV2"},"parameters":{"emailMessage/To":"prince.panchal@cms-induslaw.com","emailMessage/Subject":"Error in \"Invoice Approval Workflow\" for @{outputs('Update_item_2')?['body/S_x002e_No_x002e_']}","emailMessage/Body":"<style>\ntable,td,th{\nborder:1px solid #ddd;\ntext-align:left;}\n\ntable{\nborder-collapse:collapse;\nwidth:100%;}\n\nth,td{\npadding:15px;}\n\n</style>\n<p>@{body('Create_HTML_table')}</p>\n<br>\n<a href='@{concat('https://make.powerautomate.com/environments/' ,workflow()?['tags']['environmentName'],'/flows/',workflow()?['name'],'/runs/',workflow()?['run']['name'])}'>      😕 Check flow run </a>\n","emailMessage/From":"induslawaccountspayableshared@cms-induslaw.com","emailMessage/Importance":"Normal"},"authentication":"@parameters('$authentication')"}}},"runAfter":{"Try":["Failed"]},"metadata":{"operationMetadataId":"c90d4a6e-d35b-4744-9ade-d329a0540d39"},"type":"Scope"},"Delay_2":{"runAfter":{},"metadata":{"operationMetadataId":"1518a5d1-e0b4-4139-8ad9-9e50c76accb9"},"type":"Wait","inputs":{"interval":{"count":20,"unit":"Second"}}},"Folder_Link":{"runAfter":{"Get_items":["Succeeded"]},"metadata":{"operationMetadataId":"d088f904-d55b-4e39-a22b-6ec05c51f795"},"type":"InitializeVariable","inputs":{"variables":[{"name":"Folder Link","type":"string"}]}}}},"connectionReferences":{"shared_sharepointonline":{"connectionName":"fe226b5b06fe4eadaa0364430543106d","source":"Embedded","id":"/providers/Microsoft.PowerApps/apis/shared_sharepointonline","tier":"NotSpecified","apiName":"sharepointonline","isProcessSimpleApiReferenceConversionAlreadyDone":false},"shared_onedriveforbusiness":{"connectionName":"2be98fda7df74a82b3cb9c822baa2b15","source":"Embedded","id":"/providers/Microsoft.PowerApps/apis/shared_onedriveforbusiness","tier":"NotSpecified","apiName":"onedriveforbusiness","isProcessSimpleApiReferenceConversionAlreadyDone":false},"shared_approvals":{"connectionName":"0a5c8bfce53445acbf3876d063f00b4d","source":"Embedded","id":"/providers/Microsoft.PowerApps/apis/shared_approvals","tier":"NotSpecified","apiName":"approvals","isProcessSimpleApiReferenceConversionAlreadyDone":false},"shared_office365":{"connectionName":"c9c4789f8875487b8c0d3e622a96aa0c","source":"Embedded","id":"/providers/Microsoft.PowerApps/apis/shared_office365","tier":"NotSpecified","apiName":"office365","isProcessSimpleApiReferenceConversionAlreadyDone":false}},"flowFailureAlertSubscribed":false,"isManaged":false}}