{"name":"cfa0592b-0ad5-45d2-a062-4303c9fb2f5b","id":"/providers/Microsoft.Flow/flows/cfa0592b-0ad5-45d2-a062-4303c9fb2f5b","type":"Microsoft.Flow/flows","properties":{"apiId":"/providers/Microsoft.PowerApps/apis/shared_logicflows","displayName":"GetInvoicePDF","definition":{"metadata":{"workflowEntityId":null,"processAdvisorMetadata":null,"flowChargedByPaygo":null,"flowclientsuspensionreason":"None","flowclientsuspensiontime":null,"flowclientsuspensionreasondetails":null,"creator":{"id":"5373e8b1-b0e2-4508-a0ef-667b6f261605","type":"User","tenantId":"fbb6f8eb-6233-4b2e-9ac3-bcad8d47ffda"},"provisioningMethod":"FromDefinition","failureAlertSubscription":true,"clientLastModifiedTime":"2025-09-04T05:14:59.3342121Z","connectionKeySavedTimeKey":"2025-09-04T05:14:59.3342121Z","creationSource":null,"modifiedSources":"Portal"},"$schema":"https://schema.management.azure.com/providers/Microsoft.Logic/schemas/2016-06-01/workflowdefinition.json#","contentVersion":"1.0.0.0","parameters":{"$connections":{"defaultValue":{},"type":"Object"},"$authentication":{"defaultValue":{},"type":"SecureObject"}},"triggers":{"manual":{"metadata":{"operationMetadataId":"bf29bf7b-27ec-4d4a-93ab-ffad62ed4289"},"type":"Request","kind":"PowerAppV2","inputs":{"schema":{"type":"object","properties":{"text":{"title":"ListitemID","type":"string","x-ms-dynamically-added":true,"description":"Please enter your input","x-ms-content-hint":"TEXT"},"email":{"title":"Email","type":"string","format":"email","x-ms-dynamically-added":true,"description":"Please enter an e-mail address","x-ms-content-hint":"EMAIL"},"text_1":{"title":"Name","type":"string","x-ms-dynamically-added":true,"description":"Please enter your input","x-ms-content-hint":"TEXT"}},"required":["text","email","text_1"]}}}},"actions":{"Get_items":{"runAfter":{},"metadata":{"operationMetadataId":"27ada279-7113-431d-8c28-3cc479d12a83"},"type":"OpenApiConnection","inputs":{"host":{"apiId":"/providers/Microsoft.PowerApps/apis/shared_sharepointonline","connectionName":"shared_sharepointonline","operationId":"GetItems"},"parameters":{"dataset":"https://induslaw2.sharepoint.com/sites/IndusLawITHelpdeskTool","table":"aee1021a-8a14-45e0-b52b-eed124dca0f9","$filter":"ID eq '@{triggerBody()['text']}'"},"authentication":{"value":"@json(decodeBase64(triggerOutputs().headers['X-MS-APIM-Tokens']))['$ConnectionKey']","type":"Raw"}}},"Try":{"actions":{"Apply_to_each_4":{"foreach":"@outputs('Get_items')?['body/value']","actions":{"Get_item":{"runAfter":{},"metadata":{"operationMetadataId":"acda4dca-1fa3-494f-9859-e38454f1749b"},"type":"OpenApiConnection","inputs":{"host":{"apiId":"/providers/Microsoft.PowerApps/apis/shared_sharepointonline","connectionName":"shared_sharepointonline","operationId":"GetItem"},"parameters":{"dataset":"https://induslaw2.sharepoint.com/sites/IndusLawITHelpdeskTool","table":"aee1021a-8a14-45e0-b52b-eed124dca0f9","id":"@items('Apply_to_each_4')?['ID']"},"authentication":{"value":"@json(decodeBase64(triggerOutputs().headers['X-MS-APIM-Tokens']))['$ConnectionKey']","type":"Raw"}}},"AllDate":{"runAfter":{"Get_item":["Succeeded"]},"metadata":{"operationMetadataId":"31415d99-527e-4538-96cb-198ced8c64c0"},"type":"Compose","inputs":"@split(outputs('Get_item')?['body/DateIncurred'], '\\n')?[0]\r\n"},"All_VchType":{"runAfter":{"AllDate":["Succeeded"]},"metadata":{"operationMetadataId":"6008ed1c-2768-4942-b6b1-549e23f0c94c"},"type":"Compose","inputs":"@split(outputs('Get_item')?['body/VoucherType'], '\\n')?[0]\r\n"},"All_Nature":{"runAfter":{"All_VchType":["Succeeded"]},"metadata":{"operationMetadataId":"c2a7a3ba-0120-4bd1-a008-c1f08637fd57"},"type":"Compose","inputs":"@split(outputs('Get_item')?['body/NatureOfExpense'], '\\n')?[0]\r\n"},"AllMatter":{"runAfter":{"All_Nature":["Succeeded"]},"metadata":{"operationMetadataId":"0667b359-1e46-4542-adeb-c18dd51ffbbe"},"type":"Compose","inputs":"@split(outputs('Get_item')?['body/UberallCode'], '\\n')?[0]\r\n"},"AllClient":{"runAfter":{"AllMatter":["Succeeded"]},"metadata":{"operationMetadataId":"4afa7498-e617-473a-9bab-613bcfa94088"},"type":"Compose","inputs":"@split(outputs('Get_item')?['body/ClientName'], '\\n')?[0]\r\n"},"AllPartner":{"runAfter":{"AllClient":["Succeeded"]},"metadata":{"operationMetadataId":"8eccc97d-3d85-4fe6-b538-31657fa435a7"},"type":"Compose","inputs":"@split(outputs('Get_item')?['body/PartnerName_LineItem'], '\\n')?[0]\r\n"},"AllBillable":{"runAfter":{"AllPartner":["Succeeded"]},"metadata":{"operationMetadataId":"fcfc5630-5534-4f65-a896-ec687ac563c3"},"type":"Compose","inputs":"@split(outputs('Get_item')?['body/BillableOrNonbillable'], '\\n')?[0]\r\n"},"AllDescription":{"runAfter":{"AllBillable":["Succeeded"]},"metadata":{"operationMetadataId":"e8de7647-0f65-4b74-be5b-84c39ac77b01"},"type":"Compose","inputs":"@split(outputs('Get_item')?['body/Description'], '\\n')?[0]\r\n"},"AllSupBill":{"runAfter":{"AllDescription":["Succeeded"]},"metadata":{"operationMetadataId":"29378cc3-f7dd-47de-9723-95692c592f01"},"type":"Compose","inputs":"@split(outputs('Get_item')?['body/Bill0'], '\\n')?[0]\r\n"},"AllAmounts":{"runAfter":{"AllSupBill":["Succeeded"]},"metadata":{"operationMetadataId":"5acfbcfb-ac64-49ad-8061-7670742b46ae"},"type":"Compose","inputs":"@split(outputs('Get_item')?['body/AllAmounts'], '\\n')?[0]\r\n"},"Apply_to_each":{"foreach":"@outputs('Get_items')?['body/value']","actions":{"Compose":{"runAfter":{},"metadata":{"operationMetadataId":"828d929b-dc81-46ed-b064-2c1d3f30e950"},"type":"Compose","inputs":"<p>Hello,</p>\n<p>Please find the voucher details below:</p>\n\n<table style=\"border-collapse: collapse; width: 100%; font-family: Verdana, sans-serif; font-size: 14px;\">\n    <thead>\n        <tr style=\"background-color: #4c89af; color: white; text-align: left;\">\n            <th style=\"border: 1px solid #ddd; padding: 8px;\">Voucher No</th>\n            <th style=\"border: 1px solid #ddd; padding: 8px;\">Date of Voucher</th>\n            <th style=\"border: 1px solid #ddd; padding: 8px;\">Payment to be made to</th>\n            <th style=\"border: 1px solid #ddd; padding: 8px;\">Approver</th>\n            <th style=\"border: 1px solid #ddd; padding: 8px;\">Amount</th>\n        </tr>\n    </thead>\n    <tbody>\n        <tr>\n            <td style=\"border: 1px solid #ddd; padding: 8px;\">@{items('Apply_to_each')?['S_x002e_No_x002e_']}</td>\n            <td style=\"border: 1px solid #ddd; padding: 8px;\">@{items('Apply_to_each')?['DateofVoucher']}</td>\n            <td style=\"border: 1px solid #ddd; padding: 8px;\">@{items('Apply_to_each')?['Payee_Name']}</td>\n            <td style=\"border: 1px solid #ddd; padding: 8px;\">@{items('Apply_to_each')?['VoucherToBeApprovedBy/DisplayName']}</td>\n            <td style=\"border: 1px solid #ddd; padding: 8px; text-align: right;\">@{items('Apply_to_each')?['Amount']}</td>\n        </tr>\n    </tbody>\n</table>\n\n<p>Regards,<br>@{items('Apply_to_each')?['PreparedBy/DisplayName']}</p>\n"},"Create_file_2":{"runAfter":{"Apply_to_each_2":["Succeeded"]},"metadata":{"operationMetadataId":"02e9bacf-27e5-405b-912e-6e7b0146a293"},"type":"OpenApiConnection","inputs":{"host":{"apiId":"/providers/Microsoft.PowerApps/apis/shared_onedriveforbusiness","connectionName":"shared_onedriveforbusiness","operationId":"CreateFile"},"parameters":{"folderPath":"/Invoices of Payee","name":"@{items('Apply_to_each')?['S_x002e_No_x002e_']}-@{items('Apply_to_each')?['DateofVoucher']}-@{items('Apply_to_each')?['Payee_Name']}.html","body":"@outputs('HTML_Compose')"},"authentication":{"value":"@json(decodeBase64(triggerOutputs().headers['X-MS-APIM-Tokens']))['$ConnectionKey']","type":"Raw"}},"runtimeConfiguration":{"contentTransfer":{"transferMode":"Chunked"}}},"Get_file_content":{"runAfter":{"Convert_file":["Succeeded"]},"metadata":{"operationMetadataId":"5881ad3d-4c00-4fb9-a5ff-f87075df3eef"},"type":"OpenApiConnection","inputs":{"host":{"apiId":"/providers/Microsoft.PowerApps/apis/shared_onedriveforbusiness","connectionName":"shared_onedriveforbusiness","operationId":"GetFileContent"},"parameters":{"id":"@outputs('Create_file_2')?['body/Id']","inferContentType":true},"authentication":{"value":"@json(decodeBase64(triggerOutputs().headers['X-MS-APIM-Tokens']))['$ConnectionKey']","type":"Raw"}}},"Convert_file":{"runAfter":{"Create_file_2":["Succeeded"]},"metadata":{"operationMetadataId":"7bea2b8a-1653-4b3e-aeb1-8e7ad47714c8"},"type":"OpenApiConnection","inputs":{"host":{"apiId":"/providers/Microsoft.PowerApps/apis/shared_onedriveforbusiness","connectionName":"shared_onedriveforbusiness","operationId":"ConvertFile"},"parameters":{"id":"@outputs('Create_file_2')?['body/Id']","type":"PDF"},"authentication":{"value":"@json(decodeBase64(triggerOutputs().headers['X-MS-APIM-Tokens']))['$ConnectionKey']","type":"Raw"}}},"HTML_Compose":{"runAfter":{"Get_attachments":["Succeeded"]},"metadata":{"operationMetadataId":"c3baa67e-6c16-45df-ad07-10c3da220686"},"type":"Compose","inputs":"<!DOCTYPE html>\n<html>\n<head>\n<style>\n    body {\n        font-family: Verdana, sans-serif;\n        font-size: 14px;\n    }\n    .container {\n        width: 100%;\n    }\n    .row {\n        display: flex;\n        justify-content: space-between;\n        margin-bottom: 10px;\n    }\n    label {\n        font-weight: bold;\n        margin-right: 5px;\n    }\n    .value {\n        font-weight: normal;\n        color: #333;\n    }\n    table {\n        width: 100%;\n        margin-top: 20px;\n        border: 1px solid #000; \n        border-collapse: collapse;\n    }\n    th, td {\n        border: 1px solid #000 !important;\n        padding: 8px;\n        vertical-align: top;\n    }\n    th {\n        background-color: #b05252;\n        color: white;\n    }\n</style>\n</head>\n<body>\n\n<div class=\"container\">\n    <!-- Voucher Header -->\n    <div class=\"row\">\n        <div>\n            <label>Date of Voucher:</label>\n            <span class=\"value\">@{items('Apply_to_each')?['DateofVoucher']}</span>\n        </div>\n        <div>\n            <label>Prepared By:</label>\n            <span class=\"value\">@{items('Apply_to_each')?['PreparedBy/DisplayName']}</span>\n        </div>\n    </div>\n\n    <div class=\"row\">\n        <div>\n            <label>Payee Name:</label>\n            <span class=\"value\">@{items('Apply_to_each')?['Payee_Name']}</span>\n        </div>\n        <div>\n            <label>Voucher to be approved by:</label>\n            <span class=\"value\">@{items('Apply_to_each')?['VoucherToBeApprovedBy/DisplayName']}</span>\n        </div>\n    </div>\n\n    <div class=\"row\">\n        <div>\n            <label>Office:</label>\n            <span class=\"value\">@{items('Apply_to_each')?['Office/Value']}</span>\n        </div>\n    </div>\n\n    <!-- Line Items Table -->\n    <table>\n    <thead>\n        <tr>\n            <th>Date Incurred</th>\n            <th>Type</th>\n            <th>Nature of Expense</th>\n            <th>Matter</th>\n            <th>Client</th>\n            <th>Partner-Incharge</th>\n            <th>Billable</th>\n            <th>Description</th>\n            <th>Supporting Bill</th>\n            <th>Amount</th>\n        </tr>\n    </thead>\n    <tbody>\n<!-- 🔹 Row 1 -->\n    <tr>\n        <td>\n            <div>\n                @{first(split(outputs('AllDate'), decodeUriComponent('%0A')))}\n            </div>\n        </td>\n        <td>\n            <div>\n                @{first(split(outputs('All_VchType'), decodeUriComponent('%0A')))}\n            </div>\n        </td>\n        <td>\n            <div>\n                @{first(split(outputs('All_Nature'), decodeUriComponent('%0A')))}\n            </div>\n        </td>\n        <td>\n            <div>\n                @{first(split(outputs('AllMatter'), decodeUriComponent('%0A')))}\n            </div>\n        </td>\n        <td>\n            <div>\n                @{first(split(outputs('AllClient'), decodeUriComponent('%0A')))}\n            </div>\n        </td>\n        <td>\n            <div>\n                @{first(split(outputs('AllPartner'), decodeUriComponent('%0A')))}\n            </div>\n        </td>\n        <td>\n            <div>\n                @{first(split(outputs('AllBillable'), decodeUriComponent('%0A')))}\n            </div>\n        </td>\n        <td>\n            <div>\n                @{first(split(outputs('AllDescription'), decodeUriComponent('%0A')))}\n            </div>\n        </td>\n        <td>\n            <div>\n                @{first(split(outputs('AllSupBill'), decodeUriComponent('%0A')))}\n            </div>\n        </td>\n        <td>\n            <div>\n                @{first(split(outputs('AllAmounts'), decodeUriComponent('%0A')))}\n            </div>\n        </td>\n    </tr>\n<!-- 🔹 Row 2 -->\n<tr>\n        <td>\n            <div>\n                @{skip(split(outputs('AllDate'), decodeUriComponent('%0A')),1)?[0]}\n            </div>\n        </td>\n        <td>\n            <div>\n                @{skip(split(outputs('All_VchType'), decodeUriComponent('%0A')),1)?[0]}\n            </div>\n        </td>\n        <td>\n            <div>\n                @{skip(split(outputs('All_Nature'), decodeUriComponent('%0A')),1)?[0]}\n            </div>\n        </td>\n        <td>\n            <div>\n                @{skip(split(outputs('AllMatter'), decodeUriComponent('%0A')),1)?[0]}\n            </div>\n        </td>\n        <td>\n            <div>\n                @{skip(split(outputs('AllClient'), decodeUriComponent('%0A')),1)?[0]}\n            </div>\n        </td>\n        <td>\n            <div>\n                @{skip(split(outputs('AllPartner'), decodeUriComponent('%0A')),1)?[0]}\n            </div>\n        </td>\n        <td>\n            <div>\n                @{skip(split(outputs('AllBillable'), decodeUriComponent('%0A')),1)?[0]}\n            </div>\n        </td>\n        <td>\n            <div>\n                @{skip(split(outputs('AllDescription'), decodeUriComponent('%0A')),1)?[0]}\n            </div>\n        </td>\n        <td>\n            <div>\n                @{skip(split(outputs('AllSupBill'), decodeUriComponent('%0A')),1)?[0]}\n            </div>\n        </td>\n        <td>\n            <div>\n                @{skip(split(outputs('AllAmounts'), decodeUriComponent('%0A')),1)?[0]}\n            </div>\n        </td>\n    </tr>\n<!-- 🔹 Row 3 -->\n<tr>\n        <td>\n            <div>\n                @{skip(split(outputs('AllDate'), decodeUriComponent('%0A')),2)?[0]}\n            </div>\n        </td>\n        <td>\n            <div>\n                @{skip(split(outputs('All_VchType'), decodeUriComponent('%0A')),2)?[0]}\n            </div>\n        </td>\n        <td>\n            <div>\n                @{skip(split(outputs('All_Nature'), decodeUriComponent('%0A')),2)?[0]}\n            </div>\n        </td>\n        <td>\n            <div>\n                @{skip(split(outputs('AllMatter'), decodeUriComponent('%0A')),2)?[0]}\n            </div>\n        </td>\n        <td>\n            <div>\n                @{skip(split(outputs('AllClient'), decodeUriComponent('%0A')),2)?[0]}\n            </div>\n        </td>\n        <td>\n            <div>\n                @{skip(split(outputs('AllPartner'), decodeUriComponent('%0A')),2)?[0]}\n            </div>\n        </td>\n        <td>\n            <div>\n                @{skip(split(outputs('AllBillable'), decodeUriComponent('%0A')),2)?[0]}\n            </div>\n        </td>\n        <td>\n            <div>\n                @{skip(split(outputs('AllDescription'), decodeUriComponent('%0A')),2)?[0]}\n            </div>\n        </td>\n        <td>\n            <div>\n                @{skip(split(outputs('AllSupBill'), decodeUriComponent('%0A')),2)?[0]}\n            </div>\n        </td>\n        <td>\n            <div>\n                @{skip(split(outputs('AllAmounts'), decodeUriComponent('%0A')),2)?[0]}\n            </div>\n        </td>\n    </tr>\n<!-- 🔹 Row 4 -->\n<tr>\n        <td>\n            <div>\n                @{skip(split(outputs('AllDate'), decodeUriComponent('%0A')),3)?[0]}\n            </div>\n        </td>\n        <td>\n            <div>\n                @{skip(split(outputs('All_VchType'), decodeUriComponent('%0A')),3)?[0]}\n            </div>\n        </td>\n        <td>\n            <div>\n                @{skip(split(outputs('All_Nature'), decodeUriComponent('%0A')),3)?[0]}\n            </div>\n        </td>\n        <td>\n            <div>\n                @{skip(split(outputs('AllMatter'), decodeUriComponent('%0A')),3)?[0]}\n            </div>\n        </td>\n        <td>\n            <div>\n                @{skip(split(outputs('AllClient'), decodeUriComponent('%0A')),3)?[0]}\n            </div>\n        </td>\n        <td>\n            <div>\n                @{skip(split(outputs('AllPartner'), decodeUriComponent('%0A')),3)?[0]}\n            </div>\n        </td>\n        <td>\n            <div>\n                @{skip(split(outputs('AllBillable'), decodeUriComponent('%0A')),3)?[0]}\n            </div>\n        </td>\n        <td>\n            <div>\n                @{skip(split(outputs('AllDescription'), decodeUriComponent('%0A')),3)?[0]}\n            </div>\n        </td>\n        <td>\n            <div>\n                @{skip(split(outputs('AllSupBill'), decodeUriComponent('%0A')),3)?[0]}\n            </div>\n        </td>\n        <td>\n            <div>\n                @{skip(split(outputs('AllAmounts'), decodeUriComponent('%0A')),3)?[0]}\n            </div>\n        </td>\n    </tr>\n<!-- 🔹 Row 5 -->\n<tr>\n        <td>\n            <div>\n                @{skip(split(outputs('AllDate'), decodeUriComponent('%0A')),4)?[0]}\n            </div>\n        </td>\n        <td>\n            <div>\n                @{skip(split(outputs('All_VchType'), decodeUriComponent('%0A')),4)?[0]}\n            </div>\n        </td>\n        <td>\n            <div>\n                @{skip(split(outputs('All_Nature'), decodeUriComponent('%0A')),4)?[0]}\n            </div>\n        </td>\n        <td>\n            <div>\n                @{skip(split(outputs('AllMatter'), decodeUriComponent('%0A')),4)?[0]}\n            </div>\n        </td>\n        <td>\n            <div>\n                @{skip(split(outputs('AllDate'), decodeUriComponent('%0A')),4)?[0]}\n            </div>\n        </td>\n        <td>\n            <div>\n                @{skip(split(outputs('AllPartner'), decodeUriComponent('%0A')),4)?[0]}\n            </div>\n        </td>\n        <td>\n            <div>\n                @{skip(split(outputs('AllBillable'), decodeUriComponent('%0A')),4)?[0]}\n            </div>\n        </td>\n        <td>\n            <div>\n               @{skip(split(outputs('AllDescription'), decodeUriComponent('%0A')),4)?[0]} \n            </div>\n        </td>\n        <td>\n            <div>\n                @{skip(split(outputs('AllSupBill'), decodeUriComponent('%0A')),4)?[0]}\n            </div>\n        </td>\n        <td>\n            <div>\n                @{skip(split(outputs('AllAmounts'), decodeUriComponent('%0A')),4)?[0]}\n            </div>\n        </td>\n    </tr>\n<!-- 🔹 Row 6 -->\n<tr>\n        <td>\n            <div>\n                @{skip(split(outputs('AllDate'), decodeUriComponent('%0A')),5)?[0]}\n            </div>\n        </td>\n        <td>\n            <div>\n                @{skip(split(outputs('All_VchType'), decodeUriComponent('%0A')),5)?[0]}\n            </div>\n        </td>\n        <td>\n            <div>\n                @{skip(split(outputs('All_Nature'), decodeUriComponent('%0A')),5)?[0]}\n            </div>\n        </td>\n        <td>\n            <div>\n                @{skip(split(outputs('AllMatter'), decodeUriComponent('%0A')),5)?[0]}\n            </div>\n        </td>\n        <td>\n            <div>\n                @{skip(split(outputs('AllClient'), decodeUriComponent('%0A')),5)?[0]}\n            </div>\n        </td>\n        <td>\n            <div>\n                @{skip(split(outputs('AllPartner'), decodeUriComponent('%0A')),5)?[0]}\n            </div>\n        </td>\n        <td>\n            <div>\n                @{skip(split(outputs('AllBillable'), decodeUriComponent('%0A')),5)?[0]}\n            </div>\n        </td>\n        <td>\n            <div>\n              @{skip(split(outputs('AllDescription'), decodeUriComponent('%0A')),5)?[0]}  \n            </div>\n        </td>\n        <td>\n            <div>\n                @{skip(split(outputs('AllSupBill'), decodeUriComponent('%0A')),5)?[0]}\n            </div>\n        </td>\n        <td>\n            <div>\n                @{skip(split(outputs('AllAmounts'), decodeUriComponent('%0A')),5)?[0]}\n            </div>\n        </td>\n    </tr>\n</tbody>\n<tfoot>\n    <tr>\n        <td colspan=\"9\" style=\"text-align:center; font-weight:bold;\">Total:</td>\n        <td style=\"text-align:right; font-weight:bold;\">\n            @{items('Apply_to_each')?['Amount']}\n        </td>\n    </tr>\n</tfoot>\n\n</table>\n</div>\n\n</body>\n</html>\n"},"Create_new_folder":{"runAfter":{"HTML_Compose":["Succeeded"]},"metadata":{"operationMetadataId":"c8c02b73-bf9a-4fd9-bc79-3d5574f7193d"},"type":"OpenApiConnection","inputs":{"host":{"apiId":"/providers/Microsoft.PowerApps/apis/shared_sharepointonline","connectionName":"shared_sharepointonline","operationId":"CreateNewFolder"},"parameters":{"dataset":"https://induslaw2.sharepoint.com/sites/IndusLawITHelpdeskTool","table":"577ffef1-fe3d-44b0-a339-ce4f4a8bb123","parameters/path":"@concat('Fy24-25/', 'August 2025/',items('Apply_to_each')?['Payee_Name'],'-', items('Apply_to_each')?['DateofVoucher'],'-' ,items('Apply_to_each')?['S_x002e_No_x002e_'])"},"authentication":{"value":"@json(decodeBase64(triggerOutputs().headers['X-MS-APIM-Tokens']))['$ConnectionKey']","type":"Raw"}}},"Get_attachments":{"runAfter":{"Compose":["Succeeded"]},"metadata":{"operationMetadataId":"0c3e49dc-5c07-4ce3-8a46-ec718fd22686"},"type":"OpenApiConnection","inputs":{"host":{"apiId":"/providers/Microsoft.PowerApps/apis/shared_sharepointonline","connectionName":"shared_sharepointonline","operationId":"GetItemAttachments"},"parameters":{"dataset":"https://induslaw2.sharepoint.com/sites/IndusLawITHelpdeskTool","table":"aee1021a-8a14-45e0-b52b-eed124dca0f9","itemId":"@items('Apply_to_each')?['ID']"},"authentication":{"value":"@json(decodeBase64(triggerOutputs().headers['X-MS-APIM-Tokens']))['$ConnectionKey']","type":"Raw"}}},"Apply_to_each_2":{"foreach":"@body('Get_attachments')","actions":{"Get_attachment_content":{"runAfter":{},"metadata":{"operationMetadataId":"ad8927ce-d079-477d-96e5-311f0541a71f"},"type":"OpenApiConnection","inputs":{"host":{"apiId":"/providers/Microsoft.PowerApps/apis/shared_sharepointonline","connectionName":"shared_sharepointonline","operationId":"GetAttachmentContent"},"parameters":{"dataset":"https://induslaw2.sharepoint.com/sites/IndusLawITHelpdeskTool","table":"aee1021a-8a14-45e0-b52b-eed124dca0f9","itemId":"@items('Apply_to_each')?['ID']","attachmentId":"@item()?['Id']"},"authentication":{"value":"@json(decodeBase64(triggerOutputs().headers['X-MS-APIM-Tokens']))['$ConnectionKey']","type":"Raw"}}}},"runAfter":{"Create_new_folder":["Succeeded"]},"metadata":{"operationMetadataId":"7bf994a1-6b5e-4d28-9439-0d3f8205ff32"},"type":"Foreach"},"Send_an_email_(V2)":{"runAfter":{"Get_file_content":["Succeeded"]},"metadata":{"operationMetadataId":"b1028c09-a6e6-40fd-bd56-1e78739775f8"},"type":"OpenApiConnection","inputs":{"host":{"apiId":"/providers/Microsoft.PowerApps/apis/shared_office365","connectionName":"shared_office365","operationId":"SendEmailV2"},"parameters":{"emailMessage/To":"@triggerBody()['email']","emailMessage/Subject":"Invoice PDF of @{outputs('Get_item')?['body/S_x002e_No_x002e_']} - @{outputs('Get_item')?['body/DateofVoucher']} - @{outputs('Get_item')?['body/Payee_Name']}","emailMessage/Body":"<p>Hi @{triggerBody()['text_1']},<br>\n<br>\nPlease find the attached requested invoice PDF.</p>","emailMessage/Attachments":[{"Name":"@outputs('Convert_file')?['headers/x-ms-file-name']","ContentBytes":"@body('Convert_file')"}],"emailMessage/Importance":"Normal"},"authentication":{"value":"@json(decodeBase64(triggerOutputs().headers['X-MS-APIM-Tokens']))['$ConnectionKey']","type":"Raw"}}}},"runAfter":{"AllAmounts":["Succeeded"]},"metadata":{"operationMetadataId":"da9fa84e-5682-4d51-b215-1d4f403ab06c"},"type":"Foreach"}},"runAfter":{},"metadata":{"operationMetadataId":"3f444868-b98f-40c9-85cd-02bc1f6d45cd"},"type":"Foreach"}},"runAfter":{"Get_items":["Succeeded"]},"metadata":{"operationMetadataId":"6301cefa-22c8-4006-975c-31f3ef38d7dc"},"type":"Scope"},"Catch":{"actions":{"Apply_to_each_3":{"foreach":"@outputs('Get_items')?['body/value']","actions":{"Compose_3":{"runAfter":{},"metadata":{"operationMetadataId":"c4b5ef27-54b4-427c-842a-f014b0ff69f6"},"type":"Compose","inputs":"@split(items('Apply_to_each_3')?['DateIncurred'], '\\r\\n')?[0]\r\n"},"Create_an_approval":{"runAfter":{"Compose_3":["Succeeded"]},"metadata":{"operationMetadataId":"63a24b50-70e0-437c-9e86-946a14c635e6"},"type":"OpenApiConnection","inputs":{"host":{"apiId":"/providers/Microsoft.PowerApps/apis/shared_approvals","connectionName":"shared_approvals","operationId":"CreateAnApproval"},"parameters":{"approvalType":"Basic","ApprovalCreationInput/title":"Test pdf","ApprovalCreationInput/assignedTo":"prince.panchal@cms-induslaw.com\n","ApprovalCreationInput/details":"Hi \n\n has submitted their invoice and is pending for your approval.","ApprovalCreationInput/enableNotifications":true,"ApprovalCreationInput/enableReassignment":true},"authentication":{"value":"@json(decodeBase64(triggerOutputs().headers['X-MS-APIM-Tokens']))['$ConnectionKey']","type":"Raw"}}}},"runAfter":{"Terminate":["Succeeded"]},"metadata":{"operationMetadataId":"fc80a7b4-40cb-44e5-a00a-3e67dc859f85"},"type":"Foreach"},"Filter_array":{"runAfter":{},"metadata":{"operationMetadataId":"09cfca00-8aa0-476f-aca2-ac02591aa084"},"type":"Query","inputs":{"from":"@result('Try')","where":"@equals(item()?['Status'], 'Failed')"}},"Terminate":{"runAfter":{"Apply_to_each_5":["Succeeded"]},"metadata":{"operationMetadataId":"6f7cc1b9-de0f-4470-9a67-b861eba4f7b3"},"type":"Terminate","inputs":{"runStatus":"Succeeded"}},"Create_HTML_table":{"runAfter":{"Filter_array":["Succeeded"]},"metadata":{"operationMetadataId":"2491f144-9b85-4aff-acce-7b2c44c1c19f"},"type":"Table","inputs":{"from":"@body('Filter_array')","format":"HTML","columns":[{"header":"Action","value":"@item()?['name']"},{"header":"Status","value":"@item()?['Status']"},{"header":"ErrorMessage","value":"@item()?['body']?['error']?['message']"}]}},"Apply_to_each_5":{"foreach":"@outputs('Get_items')?['body/value']","actions":{"Send_an_email_(V2)_2":{"runAfter":{},"metadata":{"operationMetadataId":"7c66376a-dee0-41d3-a2d1-2ff1d3aced4e"},"type":"OpenApiConnection","inputs":{"host":{"apiId":"/providers/Microsoft.PowerApps/apis/shared_office365","connectionName":"shared_office365","operationId":"SendEmailV2"},"parameters":{"emailMessage/To":"prince.panchal@cms-induslaw.com","emailMessage/Subject":"Error in \"Invoice Approval Workflow\" for @{items('Apply_to_each_5')?['S_x002e_No_x002e_']}","emailMessage/Body":"<style>\ntable,td,th{\nborder:1px solid #ddd;\ntext-align:left;}\n\ntable{\nborder-collapse:collapse;\nwidth:100%;}\n\nth,td{\npadding:15px;}\n\n</style>\n<p>@{body('Create_HTML_table')}</p>\n<br>\n<a href='@{concat('https://make.powerautomate.com/environments/' ,workflow()?['tags']['environmentName'],'/flows/',workflow()?['name'],'/runs/',workflow()?['run']['name'])}'>      😕 Check flow run </a>\n","emailMessage/Importance":"Normal"},"authentication":{"value":"@json(decodeBase64(triggerOutputs().headers['X-MS-APIM-Tokens']))['$ConnectionKey']","type":"Raw"}}}},"runAfter":{"Create_HTML_table":["Succeeded"]},"metadata":{"operationMetadataId":"10b9248d-7385-4229-8ee0-8b8731712edb"},"type":"Foreach"}},"runAfter":{"Try":["Failed"]},"metadata":{"operationMetadataId":"eefd770a-d1e5-4a62-b84f-105e828e56f1"},"type":"Scope"}}},"connectionReferences":{"shared_sharepointonline":{"connectionName":"fe226b5b06fe4eadaa0364430543106d","source":"Invoker","id":"/providers/Microsoft.PowerApps/apis/shared_sharepointonline","tier":"NotSpecified","apiName":"sharepointonline","isProcessSimpleApiReferenceConversionAlreadyDone":false},"shared_approvals":{"connectionName":"0a5c8bfce53445acbf3876d063f00b4d","source":"Invoker","id":"/providers/Microsoft.PowerApps/apis/shared_approvals","tier":"NotSpecified","apiName":"approvals","isProcessSimpleApiReferenceConversionAlreadyDone":false},"shared_onedriveforbusiness":{"connectionName":"2be98fda7df74a82b3cb9c822baa2b15","source":"Invoker","id":"/providers/Microsoft.PowerApps/apis/shared_onedriveforbusiness","tier":"NotSpecified","apiName":"onedriveforbusiness","isProcessSimpleApiReferenceConversionAlreadyDone":false},"shared_office365":{"connectionName":"c9c4789f8875487b8c0d3e622a96aa0c","source":"Invoker","id":"/providers/Microsoft.PowerApps/apis/shared_office365","tier":"NotSpecified","apiName":"office365","isProcessSimpleApiReferenceConversionAlreadyDone":false}},"flowFailureAlertSubscribed":false,"isManaged":false}}