{"name":"01882c0e-a206-4af3-a4f8-8f34d6fc407a","id":"/providers/Microsoft.Flow/flows/01882c0e-a206-4af3-a4f8-8f34d6fc407a","type":"Microsoft.Flow/flows","properties":{"apiId":"/providers/Microsoft.PowerApps/apis/shared_logicflows","displayName":"SendToZohoFlow","definition":{"metadata":{"workflowEntityId":null,"processAdvisorMetadata":null,"flowChargedByPaygo":null,"flowclientsuspensionreason":"None","flowclientsuspensiontime":null,"flowclientsuspensionreasondetails":null,"creator":{"id":"5373e8b1-b0e2-4508-a0ef-667b6f261605","type":"User","tenantId":"fbb6f8eb-6233-4b2e-9ac3-bcad8d47ffda"},"provisioningMethod":"FromDefinition","failureAlertSubscription":true,"clientLastModifiedTime":"2025-09-04T20:11:07.9784868Z","connectionKeySavedTimeKey":"2025-09-08T18:14:03.0242599Z","creationSource":null,"modifiedSources":"PowerAppsMaker;Portal"},"$schema":"https://schema.management.azure.com/providers/Microsoft.Logic/schemas/2016-06-01/workflowdefinition.json#","contentVersion":"1.0.0.0","parameters":{"$authentication":{"defaultValue":{},"type":"SecureObject"},"$connections":{"defaultValue":{},"type":"Object"}},"triggers":{"When_an_item_is_created_or_modified":{"recurrence":{"frequency":"Minute","interval":3},"splitOn":"@triggerOutputs()?['body/value']","metadata":{"operationMetadataId":"8d2d45d5-aa57-4108-b9c3-3d54fba34179"},"type":"OpenApiConnection","inputs":{"parameters":{"dataset":"https://induslaw2.sharepoint.com/sites/IndusLawITHelpdeskTool","table":"7259b771-0bbb-4639-a3b5-019b7ca83692"},"host":{"apiId":"/providers/Microsoft.PowerApps/apis/shared_sharepointonline","connectionName":"shared_sharepointonline","operationId":"GetOnUpdatedItems"},"authentication":"@parameters('$authentication')"}}},"actions":{"Get_changes_for_an_item_or_a_file_(properties_only)":{"runAfter":{},"metadata":{"operationMetadataId":"28046b6b-f71d-4208-95df-fa7ba5dc799e"},"type":"OpenApiConnection","inputs":{"parameters":{"dataset":"https://induslaw2.sharepoint.com/sites/IndusLawITHelpdeskTool","table":"7259b771-0bbb-4639-a3b5-019b7ca83692","id":"@triggerBody()?['ID']","since":"@triggerBody()?['{TriggerWindowStartToken}']","includeDrafts":false,"until":"@triggerBody()?['{TriggerWindowEndToken}']"},"host":{"apiId":"/providers/Microsoft.PowerApps/apis/shared_sharepointonline","connectionName":"shared_sharepointonline","operationId":"GetItemChanges"},"authentication":"@parameters('$authentication')"}},"Condition_1":{"actions":{"Get_item":{"metadata":{"operationMetadataId":"3c64f1ae-4416-4eaa-bfa1-16243d1ecd1d"},"type":"OpenApiConnection","inputs":{"parameters":{"dataset":"https://induslaw2.sharepoint.com/sites/IndusLawITHelpdeskTool","table":"7259b771-0bbb-4639-a3b5-019b7ca83692","id":"@triggerOutputs()?['body/ID']"},"host":{"apiId":"/providers/Microsoft.PowerApps/apis/shared_sharepointonline","connectionName":"shared_sharepointonline","operationId":"GetItem"},"authentication":"@parameters('$authentication')"}},"ALLJSON":{"runAfter":{"Get_item":["Succeeded"]},"metadata":{"operationMetadataId":"f50b766e-24db-4633-8b90-ce76d4f36409"},"type":"Compose","inputs":"@last(split(triggerOutputs()?['body/JSON_Payload'], decodeUriComponent('%0A')))\r\n"},"Compose_3":{"runAfter":{"ALLJSON":["Succeeded"]},"metadata":{"operationMetadataId":"a0ad70c9-85c4-445c-b2b3-7b9b5fbac9e1"},"type":"Compose","inputs":"@last(split(outputs('ALLJSON'), decodeUriComponent('%0A')))"},"Condition":{"actions":{"Compose":{"metadata":{"operationMetadataId":"bfd685c9-014e-42d6-8453-5b623fc40ec8"},"type":"Compose","inputs":"@triggerOutputs()?['body/IsModified']"},"Condition_2":{"actions":{"HTTP_2":{"metadata":{"operationMetadataId":"57b99588-61bb-4695-8eeb-b76843473609"},"type":"Http","inputs":{"uri":"https://flow.zoho.com/891498862/flow/webhook/incoming?zapikey=1001.db89864d9432048b396a31d27900402b.0188265dffe085766ceefba0f664a6dd&isdebug=false","method":"POST","body":"@last(split(outputs('ALLJSON'), decodeUriComponent('%0A')))"}}},"runAfter":{"Compose":["Succeeded"]},"else":{"actions":{"HTTP_3":{"metadata":{"operationMetadataId":"c3867c79-6407-4d14-b5af-90c17ac89a04"},"type":"Http","inputs":{"uri":"https://flow.zoho.com/891498862/flow/webhook/incoming?zapikey=1001.db89864d9432048b396a31d27900402b.0188265dffe085766ceefba0f664a6dd&isdebug=false","method":"POST","body":"@last(split(outputs('ALLJSON'), decodeUriComponent('%0A')))"}}}},"expression":{"less":["@triggerOutputs()?['body/DataPendingOverWritten']","@triggerOutputs()?['body/DataOverWritten']"]},"metadata":{"operationMetadataId":"7a9388c1-5a25-4722-a923-14775459d362"},"type":"If"}},"runAfter":{"Compose_3":["Succeeded"]},"else":{"actions":{"HTTP":{"runAfter":{"Compose_1":["Succeeded"]},"metadata":{"operationMetadataId":"45584d8b-ee56-4b6f-b4f4-2bca76105f2b"},"type":"Http","inputs":{"uri":"https://flow.zoho.com/891498862/flow/webhook/incoming?zapikey=1001.db89864d9432048b396a31d27900402b.0188265dffe085766ceefba0f664a6dd&isdebug=false","method":"POST","headers":{"Content-Type":"application/json"},"body":"@last(split(outputs('ALLJSON'), decodeUriComponent('%0A')))"}},"Compose_1":{"metadata":{"operationMetadataId":"bb73b2c0-5f2d-4242-b11d-244129b6d342"},"type":"Compose","inputs":"@triggerBody()?['JSON_Payload']"}}},"expression":{"equals":["@triggerOutputs()?['body/IsModified']","@true"]},"metadata":{"operationMetadataId":"9b573cda-cf87-4c9d-8848-ba05503c90c2"},"type":"If"}},"runAfter":{"Get_changes_for_an_item_or_a_file_(properties_only)":["Succeeded"]},"else":{"actions":{"Condition_3":{"actions":{"HTTP_1":{"runAfter":{"ALLJSON_1":["Succeeded"]},"metadata":{"operationMetadataId":"45584d8b-ee56-4b6f-b4f4-2bca76105f2b"},"type":"Http","inputs":{"uri":"https://flow.zoho.com/891498862/flow/webhook/incoming?zapikey=1001.db89864d9432048b396a31d27900402b.0188265dffe085766ceefba0f664a6dd&isdebug=false","method":"POST","headers":{"Content-Type":"application/json"},"body":"@last(split(outputs('ALLJSON_1'), decodeUriComponent('%0A')))"}},"ALLJSON_1":{"metadata":{"operationMetadataId":"f50b766e-24db-4633-8b90-ce76d4f36409"},"type":"Compose","inputs":"@last(split(triggerOutputs()?['body/JSON_Payload'], '\\n'))\r\n"},"Update_item":{"runAfter":{"HTTP_1":["Succeeded"]},"type":"OpenApiConnection","inputs":{"parameters":{"dataset":"https://induslaw2.sharepoint.com/sites/IndusLawITHelpdeskTool","table":"7259b771-0bbb-4639-a3b5-019b7ca83692","id":"@triggerBody()?['ID']","item/IsModified":false,"item/DataOverWritten":0,"item/DataPendingOverWritten":0,"item/FirstTimeAdded":false},"host":{"apiId":"/providers/Microsoft.PowerApps/apis/shared_sharepointonline","connectionName":"shared_sharepointonline","operationId":"PatchItem"},"authentication":"@parameters('$authentication')"}}},"else":{"actions":{}},"expression":{"and":[{"equals":["@triggerBody()?['FirstTimeAdded']","@true"]}]},"type":"If"}}},"expression":{"and":[{"equals":["@outputs('Get_changes_for_an_item_or_a_file_(properties_only)')?['body/ColumnHasChanged/JSON_Payload']",true]}]},"metadata":{"operationMetadataId":"6446c5ec-98fc-4ed4-a07b-130e7c736109"},"type":"If"}}},"connectionReferences":{"shared_sharepointonline":{"connectionName":"fe226b5b06fe4eadaa0364430543106d","source":"Embedded","id":"/providers/Microsoft.PowerApps/apis/shared_sharepointonline","tier":"NotSpecified","apiName":"sharepointonline","isProcessSimpleApiReferenceConversionAlreadyDone":false}},"flowFailureAlertSubscribed":false,"isManaged":false}}