{"name":"f3b1abfa-fbab-4f14-8a22-aaf72ab7b358","id":"/providers/Microsoft.Flow/flows/f3b1abfa-fbab-4f14-8a22-aaf72ab7b358","type":"Microsoft.Flow/flows","properties":{"apiId":"/providers/Microsoft.PowerApps/apis/shared_logicflows","displayName":"VoucherMatterCSV","definition":{"metadata":{"workflowEntityId":null,"processAdvisorMetadata":null,"flowChargedByPaygo":null,"flowclientsuspensionreason":"None","flowclientsuspensiontime":null,"flowclientsuspensionreasondetails":null,"creator":{"id":"5373e8b1-b0e2-4508-a0ef-667b6f261605","type":"User","tenantId":"fbb6f8eb-6233-4b2e-9ac3-bcad8d47ffda"},"provisioningMethod":"FromDefinition","failureAlertSubscription":true,"clientLastModifiedTime":"2025-09-09T04:33:56.1778502Z","connectionKeySavedTimeKey":"2025-09-09T13:22:45.5410568Z","creationSource":null},"$schema":"https://schema.management.azure.com/providers/Microsoft.Logic/schemas/2016-06-01/workflowdefinition.json#","contentVersion":"1.0.0.0","parameters":{"$connections":{"defaultValue":{},"type":"Object"},"$authentication":{"defaultValue":{},"type":"SecureObject"}},"triggers":{"Recurrence":{"recurrence":{"frequency":"Day","interval":1},"metadata":{"operationMetadataId":"c40d0f38-c88e-42fc-8863-1eec1437c6e3"},"type":"Recurrence"}},"actions":{"Get_file_content":{"runAfter":{},"metadata":{"%252fShared%2bDocuments%252fCSV%2bfiles%252fVoucher_Matter.csv":"/Shared Documents/CSV files/Voucher_Matter.csv","operationMetadataId":"8f9b4d42-e648-42e5-9439-15aae257e51c"},"type":"OpenApiConnection","inputs":{"host":{"apiId":"/providers/Microsoft.PowerApps/apis/shared_sharepointonline","connectionName":"shared_sharepointonline","operationId":"GetFileContent"},"parameters":{"dataset":"https://induslaw2.sharepoint.com/sites/DatabaseZoho","id":"%252fShared%2bDocuments%252fCSV%2bfiles%252fVoucher_Matter.csv","inferContentType":true},"authentication":"@parameters('$authentication')"}},"CSVData":{"runAfter":{"Get_file_content":["Succeeded"]},"metadata":{"operationMetadataId":"3a43b896-b065-4470-a2f5-748202a8f699"},"type":"Compose","inputs":"@base64ToString(outputs('Get_file_content')?['body']?['$content'])"},"VarCSVData":{"runAfter":{"CSVData":["Succeeded"]},"metadata":{"operationMetadataId":"76b4e7ff-b59c-4d27-83ce-290d39ee88cd"},"type":"InitializeVariable","inputs":{"variables":[{"name":"CSVdata","type":"string","value":"@{outputs('Get_file_content')?['body']}"}]}},"NewLine":{"runAfter":{"VarCSVData":["Succeeded"]},"metadata":{"operationMetadataId":"407b1532-f4b6-4ba2-9920-7a5c8850d834"},"type":"InitializeVariable","inputs":{"variables":[{"name":"NewLine","type":"string","value":"\n"}]}},"Get_items":{"runAfter":{"NewLine":["Succeeded"]},"metadata":{"operationMetadataId":"6a5b28c3-9287-476f-b195-14054143d5ed"},"type":"OpenApiConnection","inputs":{"host":{"apiId":"/providers/Microsoft.PowerApps/apis/shared_sharepointonline","connectionName":"shared_sharepointonline","operationId":"GetItems"},"parameters":{"dataset":"https://induslaw2.sharepoint.com/sites/IndusLawITHelpdeskTool","table":"74a413ce-0fc4-47a9-bd12-b2d55215d60a"},"authentication":"@parameters('$authentication')"}},"LastRowIndex":{"runAfter":{"Get_items":["Succeeded"]},"metadata":{"operationMetadataId":"5122ae8d-7471-4363-b46b-1d216fce57a7"},"type":"Compose","inputs":"@last(body('Get_items')?['value'])?['LastRow']"},"SplitCSV":{"runAfter":{"LastRowIndex":["Succeeded"]},"metadata":{"operationMetadataId":"8677d490-49fb-40ac-a98a-a0501cd34f8e"},"type":"Compose","inputs":"@split(variables('CSVdata'), variables('NewLine'))"},"SkipHeaderAndPrevious":{"runAfter":{"SplitCSV":["Succeeded"]},"metadata":{"operationMetadataId":"7274c3e4-5699-4fe6-a013-efd4acd4f1c8"},"type":"Compose","inputs":"@skip(outputs('SplitCSV'), int(add(0, coalesce(outputs('LastRowIndex'), 0))))"},"Filter_array":{"runAfter":{"SkipHeaderAndPrevious":["Succeeded"]},"metadata":{"operationMetadataId":"807e0674-54d0-47d7-accc-1d65938ff7c3"},"type":"Query","inputs":{"from":"@outputs('SkipHeaderAndPrevious')","where":"@not(equals(item(), ''))"}},"Apply_to_each":{"foreach":"@body('Filter_array')","actions":{"Create_item":{"runAfter":{},"metadata":{"operationMetadataId":"94557d2f-a11a-4bb1-a6c7-a00c3d11da5a"},"type":"OpenApiConnection","inputs":{"host":{"apiId":"/providers/Microsoft.PowerApps/apis/shared_sharepointonline","connectionName":"shared_sharepointonline","operationId":"PostItem"},"parameters":{"dataset":"https://induslaw2.sharepoint.com/sites/IndusLawITHelpdeskTool","table":"b2001cf0-6620-4f8d-be86-34602f7d9700","item/MatterID":"@split(item(), ',')?[0]","item/MatterName":"@split(item(), ',')?[1]","item/MatterNumber":"@split(item(), ',')?[2]","item/ClientName":"@split(item(), ',')?[3]","item/PartnerIncharge":"@split(item(), ',')?[4]"},"authentication":"@parameters('$authentication')"}}},"runAfter":{"Filter_array":["Succeeded"]},"metadata":{"operationMetadataId":"2dc69062-2a8e-495a-8a5f-0ddc4b47cca9"},"type":"Foreach","runtimeConfiguration":{"concurrency":{"repetitions":50}}},"Create_item_2":{"runAfter":{"Apply_to_each":["Succeeded"]},"metadata":{"operationMetadataId":"d6200df6-f7a5-45cf-8736-2cca230961d5"},"type":"OpenApiConnection","inputs":{"host":{"apiId":"/providers/Microsoft.PowerApps/apis/shared_sharepointonline","connectionName":"shared_sharepointonline","operationId":"PostItem"},"parameters":{"dataset":"https://induslaw2.sharepoint.com/sites/IndusLawITHelpdeskTool","table":"74a413ce-0fc4-47a9-bd12-b2d55215d60a","item/Title":"CSV_Log","item/PreviousRows":"@coalesce(outputs('LastRowIndex'))","item/LastRow":"@add(outputs('LastRowIndex'), length(body('Filter_array')))"},"authentication":"@parameters('$authentication')"}}}},"connectionReferences":{"shared_sharepointonline":{"connectionName":"fe226b5b06fe4eadaa0364430543106d","source":"Embedded","id":"/providers/Microsoft.PowerApps/apis/shared_sharepointonline","tier":"NotSpecified","apiName":"sharepointonline","isProcessSimpleApiReferenceConversionAlreadyDone":false}},"flowFailureAlertSubscribed":false,"isManaged":false}}