{"name":"3dd67717-9360-49d5-a0c0-920b74ec2ae4","id":"/providers/Microsoft.Flow/flows/3dd67717-9360-49d5-a0c0-920b74ec2ae4","type":"Microsoft.Flow/flows","properties":{"apiId":"/providers/Microsoft.PowerApps/apis/shared_logicflows","displayName":"ApprovalTrackerLive","definition":{"metadata":{"workflowEntityId":null,"processAdvisorMetadata":null,"flowChargedByPaygo":null,"flowclientsuspensionreason":"None","flowclientsuspensiontime":null,"flowclientsuspensionreasondetails":null,"creator":{"id":"5373e8b1-b0e2-4508-a0ef-667b6f261605","type":"User","tenantId":"fbb6f8eb-6233-4b2e-9ac3-bcad8d47ffda"},"provisioningMethod":"FromDefinition","failureAlertSubscription":true,"clientLastModifiedTime":"2025-09-04T12:02:42.1425336Z","connectionKeySavedTimeKey":"2025-09-08T14:48:02.905428Z","creationSource":null},"$schema":"https://schema.management.azure.com/providers/Microsoft.Logic/schemas/2016-06-01/workflowdefinition.json#","contentVersion":"1.0.0.0","parameters":{"$connections":{"defaultValue":{},"type":"Object"},"$authentication":{"defaultValue":{},"type":"SecureObject"}},"triggers":{"When_a_row_is_added,_modified_or_deleted":{"metadata":{"operationMetadataId":"8b1d1747-b415-4552-bfb3-c81c2bcb9a34"},"type":"OpenApiConnectionWebhook","inputs":{"host":{"apiId":"/providers/Microsoft.PowerApps/apis/shared_commondataserviceforapps","connectionName":"shared_commondataserviceforapps","operationId":"SubscribeWebhookTrigger"},"parameters":{"subscriptionRequest/message":3,"subscriptionRequest/entityname":"msdyn_flow_approval","subscriptionRequest/scope":2},"authentication":"@parameters('$authentication')"}}},"actions":{"Get_items":{"runAfter":{},"metadata":{"operationMetadataId":"4fe43f86-4c91-4d81-843e-d69b839bbbaf"},"type":"OpenApiConnection","inputs":{"host":{"apiId":"/providers/Microsoft.PowerApps/apis/shared_sharepointonline","connectionName":"shared_sharepointonline","operationId":"GetItems"},"parameters":{"dataset":"https://induslaw2.sharepoint.com/sites/IndusLawITHelpdeskTool","table":"aee1021a-8a14-45e0-b52b-eed124dca0f9","$filter":"ApprovalID eq '@{triggerOutputs()?['body/msdyn_flow_approvalid']}'"},"authentication":"@parameters('$authentication')"}},"Compose":{"runAfter":{"Get_items":["Succeeded"]},"metadata":{"operationMetadataId":"22123897-93d1-47af-bd14-81b7c81016dc"},"type":"Compose","inputs":"@triggerOutputs()?['body/msdyn_flow_approval_result']"},"Try":{"actions":{"Condition":{"actions":{"Apply_to_each_for_Approve":{"foreach":"@outputs('Get_items')?['body/value']","actions":{"Switch":{"runAfter":{},"cases":{"Case":{"case":"Pending for Partner","actions":{"Update_item_6":{"runAfter":{},"metadata":{"operationMetadataId":"375b9dd0-d93d-4bc5-bf4b-f939bf85e472"},"type":"OpenApiConnection","inputs":{"host":{"apiId":"/providers/Microsoft.PowerApps/apis/shared_sharepointonline","connectionName":"shared_sharepointonline","operationId":"PatchItem"},"parameters":{"dataset":"https://induslaw2.sharepoint.com/sites/IndusLawITHelpdeskTool","table":"aee1021a-8a14-45e0-b52b-eed124dca0f9","id":"@items('Apply_to_each_for_Approve')?['ID']","item/VoucherStatus/Value":"Pending for Account Teams","item/AccountsTeamApproval/Value":"Pending","item/AccTeamApprovalSent":false,"item/AccountsManagerApproval/Value":"Pending","item/AccManagApprovalSent":false,"item/CFOApprovalSent":false,"item/DharmeshApproval/Value":"Pending","item/CEOApprovalSent":false,"item/Jay_x0028_CEO_x0029_Approval/Value":"Pending","item/Status/Value":"Pending","item/IsActive":false,"item/IsUpdatedFromUI/Value":"No","item/SenttoZoho":false,"item/Logged":false,"item/CurrentStage":1},"authentication":"@parameters('$authentication')"}},"Create_an_approval_2":{"runAfter":{"Update_item_6":["Succeeded"]},"metadata":{"operationMetadataId":"f67df756-651e-417a-a032-2fc4bb049172"},"type":"OpenApiConnection","inputs":{"host":{"apiId":"/providers/Microsoft.PowerApps/apis/shared_approvals","connectionName":"shared_approvals","operationId":"CreateAnApproval"},"parameters":{"approvalType":"CustomResponse","ApprovalCreationInput/responseOptions":["Approve","Re-Submit","Send back to Partner"],"ApprovalCreationInput/title":"Payment/Reimbursement request Approval – @{items('Apply_to_each_for_Approve')?['Payee_Name']} – @{items('Apply_to_each_for_Approve')?['S_x002e_No_x002e_']}","ApprovalCreationInput/assignedTo":"prince.panchal@cms-induslaw.com;;  rashmi.harish@cms-induslaw.com;  manjunath.r@cms-induslaw.com; dharmesh.thakkar@cms-induslaw.com","ApprovalCreationInput/details":"Hi Team,\n\nPartner has approved this voucher and is pending for your approval.\nKindly review and respond at your earliest convenience.\n\nThank you for your prompt attention.\n\nBest regards,\nIndusLaw Accounts Payable","ApprovalCreationInput/enableNotifications":true,"ApprovalCreationInput/enableReassignment":true},"authentication":"@parameters('$authentication')"}},"Update_item_36":{"runAfter":{"Create_an_approval_2":["Succeeded"]},"metadata":{"operationMetadataId":"c8dbd916-7db8-4180-92e3-3ea0231cd651"},"type":"OpenApiConnection","inputs":{"host":{"apiId":"/providers/Microsoft.PowerApps/apis/shared_sharepointonline","connectionName":"shared_sharepointonline","operationId":"PatchItem"},"parameters":{"dataset":"https://induslaw2.sharepoint.com/sites/IndusLawITHelpdeskTool","table":"aee1021a-8a14-45e0-b52b-eed124dca0f9","id":"@items('Apply_to_each_for_Approve')?['ID']","item/VoucherStatus/Value":"Pending for Account Teams","item/AccountsTeamApproval/Value":"Pending","item/AccTeamApprovalSent":false,"item/AccountsManagerApproval/Value":"Pending","item/AccManagApprovalSent":false,"item/CFOApprovalSent":false,"item/DharmeshApproval/Value":"Pending","item/CEOApprovalSent":false,"item/Jay_x0028_CEO_x0029_Approval/Value":"Pending","item/Status/Value":"Pending","item/ApprovalID":"@outputs('Create_an_approval_2')?['body/name']","item/EmailTime":"@outputs('Create_an_approval_2')?['body/requestDate']","item/SomeoneisEditing":false,"item/IsActive":true,"item/ModifiedAfterApproved":false,"item/IsUpdatedFromUI/Value":"No","item/SenttoZoho":false,"item/Logged":false,"item/CurrentStage":1},"authentication":"@parameters('$authentication')"}}}},"Case_2":{"case":"Pending for Account Teams","actions":{"Update_item_7":{"runAfter":{},"metadata":{"operationMetadataId":"0e7d2c98-6c96-4c84-bc31-f6e2cbac61da"},"type":"OpenApiConnection","inputs":{"host":{"apiId":"/providers/Microsoft.PowerApps/apis/shared_sharepointonline","connectionName":"shared_sharepointonline","operationId":"PatchItem"},"parameters":{"dataset":"https://induslaw2.sharepoint.com/sites/IndusLawITHelpdeskTool","table":"aee1021a-8a14-45e0-b52b-eed124dca0f9","id":"@items('Apply_to_each_for_Approve')?['ID']","item/VoucherStatus/Value":"Pending for Accounts Manager","item/AccountsTeamApproval/Value":"Pending","item/AccTeamApprovalSent":false,"item/AccountsManagerApproval/Value":"Pending","item/AccManagApprovalSent":false,"item/CFOApprovalSent":false,"item/DharmeshApproval/Value":"Pending","item/CEOApprovalSent":false,"item/Jay_x0028_CEO_x0029_Approval/Value":"Pending","item/Status/Value":"Pending","item/IsActive":false,"item/IsUpdatedFromUI/Value":"No","item/SenttoZoho":false,"item/Logged":false,"item/CurrentStage":1},"authentication":"@parameters('$authentication')"}},"Create_an_approval_3":{"runAfter":{"Update_item_7":["Succeeded"]},"metadata":{"operationMetadataId":"5c58998d-7255-4c32-9a44-51034e4baa2e"},"type":"OpenApiConnection","inputs":{"host":{"apiId":"/providers/Microsoft.PowerApps/apis/shared_approvals","connectionName":"shared_approvals","operationId":"CreateAnApproval"},"parameters":{"approvalType":"CustomResponse","ApprovalCreationInput/responseOptions":["Approve","Re-Submit","Send back to Partner","Send back to Account Team"],"ApprovalCreationInput/title":"Payment/Reimbursement request Approval – @{items('Apply_to_each_for_Approve')?['Payee_Name']} – @{items('Apply_to_each_for_Approve')?['S_x002e_No_x002e_']}","ApprovalCreationInput/assignedTo":"prince.panchal@cms-induslaw.com;  rashmi.harish@cms-induslaw.com;  manjunath.r@cms-induslaw.com","ApprovalCreationInput/details":"Hi Manager,\n\nTeam has approved this voucher and is pending for your approval.\nKindly review and respond at your earliest convenience.\n\nThank you for your prompt attention.\n\nBest regards,\nIndusLaw Accounts Payable","ApprovalCreationInput/enableNotifications":true,"ApprovalCreationInput/enableReassignment":true},"authentication":"@parameters('$authentication')"}},"Update_item_37":{"runAfter":{"Create_an_approval_3":["Succeeded"]},"metadata":{"operationMetadataId":"f43c7659-da69-4bf7-9b24-60842ea82b9b"},"type":"OpenApiConnection","inputs":{"host":{"apiId":"/providers/Microsoft.PowerApps/apis/shared_sharepointonline","connectionName":"shared_sharepointonline","operationId":"PatchItem"},"parameters":{"dataset":"https://induslaw2.sharepoint.com/sites/IndusLawITHelpdeskTool","table":"aee1021a-8a14-45e0-b52b-eed124dca0f9","id":"@items('Apply_to_each_for_Approve')?['ID']","item/VoucherStatus/Value":"Pending for Accounts Manager","item/AccountsTeamApproval/Value":"Pending","item/AccTeamApprovalSent":false,"item/AccountsManagerApproval/Value":"Pending","item/AccManagApprovalSent":false,"item/CFOApprovalSent":false,"item/DharmeshApproval/Value":"Pending","item/CEOApprovalSent":false,"item/Jay_x0028_CEO_x0029_Approval/Value":"Pending","item/Status/Value":"Pending","item/ApprovalID":"@outputs('Create_an_approval_3')?['body/name']","item/EmailTime":"@outputs('Create_an_approval_3')?['body/requestDate']","item/SomeoneisEditing":false,"item/IsActive":true,"item/ModifiedAfterApproved":false,"item/IsUpdatedFromUI/Value":"No","item/SenttoZoho":false,"item/Logged":false,"item/CurrentStage":1},"authentication":"@parameters('$authentication')"}}}},"Case_3":{"case":"Pending for Accounts Manager","actions":{"Delay_4":{"runAfter":{"Update_item_38":["Succeeded"]},"metadata":{"operationMetadataId":"82a9e50b-cf26-41ed-8e0e-050844141ccf"},"type":"Wait","inputs":{"interval":{"count":10,"unit":"Second"}}},"Get_emails_(V3)_4":{"runAfter":{"Delay_4":["Succeeded"]},"metadata":{"operationMetadataId":"a9324565-b321-4d2a-a028-031728439f30"},"type":"OpenApiConnection","inputs":{"host":{"apiId":"/providers/Microsoft.PowerApps/apis/shared_office365","connectionName":"shared_office365","operationId":"GetEmailsV3"},"parameters":{"folderPath":"Inbox","to":"prince.panchal@cms-induslaw.com","from":"flow-noreply@microsoft.com","fetchOnlyUnread":false,"includeAttachments":false,"searchQuery":"Approvals","top":1,"importance":"Any","fetchOnlyWithAttachment":false},"authentication":"@parameters('$authentication')"}},"Apply_to_each_3":{"foreach":"@outputs('Get_emails_(V3)_4')?['body/value']","actions":{"Update_item_4":{"runAfter":{},"metadata":{"operationMetadataId":"7decef96-0130-44c2-bb44-f68b631c8a67"},"type":"OpenApiConnection","inputs":{"host":{"apiId":"/providers/Microsoft.PowerApps/apis/shared_sharepointonline","connectionName":"shared_sharepointonline","operationId":"PatchItem"},"parameters":{"dataset":"https://induslaw2.sharepoint.com/sites/IndusLawITHelpdeskTool","table":"aee1021a-8a14-45e0-b52b-eed124dca0f9","id":"@items('Apply_to_each_for_Approve')?['ID']","item/VoucherStatus/Value":"Pending for CFO","item/AccountsTeamApproval/Value":"Pending","item/AccTeamApprovalSent":false,"item/AccountsManagerApproval/Value":"Pending","item/AccManagApprovalSent":false,"item/CFOApprovalSent":false,"item/DharmeshApproval/Value":"Pending","item/CEOApprovalSent":false,"item/Jay_x0028_CEO_x0029_Approval/Value":"Pending","item/Status/Value":"Pending","item/ApprovalID":"@outputs('Create_an_approval_4')?['body/name']","item/EmailTime":"@outputs('Create_an_approval_4')?['body/requestDate']","item/MessageID":"@items('Apply_to_each_3')?['id']","item/IsActive":true,"item/IsUpdatedFromUI/Value":"No","item/SenttoZoho":false,"item/Logged":false,"item/CurrentStage":1},"authentication":"@parameters('$authentication')"}}},"runAfter":{"Get_emails_(V3)_4":["Succeeded"]},"metadata":{"operationMetadataId":"5f7e9cf5-d126-4bfc-95ae-30c4f8421cbd"},"type":"Foreach"},"Update_item_8":{"runAfter":{},"metadata":{"operationMetadataId":"7f4a8d69-786f-4a33-ade7-1f55b0317c1f"},"type":"OpenApiConnection","inputs":{"host":{"apiId":"/providers/Microsoft.PowerApps/apis/shared_sharepointonline","connectionName":"shared_sharepointonline","operationId":"PatchItem"},"parameters":{"dataset":"https://induslaw2.sharepoint.com/sites/IndusLawITHelpdeskTool","table":"aee1021a-8a14-45e0-b52b-eed124dca0f9","id":"@items('Apply_to_each_for_Approve')?['ID']","item/VoucherStatus/Value":"Pending for CFO","item/AccountsTeamApproval/Value":"Pending","item/AccTeamApprovalSent":false,"item/AccountsManagerApproval/Value":"Pending","item/AccManagApprovalSent":false,"item/CFOApprovalSent":false,"item/DharmeshApproval/Value":"Pending","item/CEOApprovalSent":false,"item/Jay_x0028_CEO_x0029_Approval/Value":"Pending","item/Status/Value":"Pending","item/IsActive":false,"item/IsUpdatedFromUI/Value":"No","item/SenttoZoho":false,"item/Logged":false,"item/CurrentStage":1},"authentication":"@parameters('$authentication')"}},"Create_an_approval_4":{"runAfter":{"Update_item_8":["Succeeded"]},"metadata":{"operationMetadataId":"08d9e514-3a90-49d9-96d1-147d493abfeb"},"type":"OpenApiConnection","inputs":{"host":{"apiId":"/providers/Microsoft.PowerApps/apis/shared_approvals","connectionName":"shared_approvals","operationId":"CreateAnApproval"},"parameters":{"approvalType":"CustomResponse","ApprovalCreationInput/responseOptions":["Approve","Re-Submit","Send back to Partner","Send back to Account Team","Send back to Account Manager"],"ApprovalCreationInput/title":"Payment/Reimbursement request Approval – @{items('Apply_to_each_for_Approve')?['Payee_Name']} – @{items('Apply_to_each_for_Approve')?['S_x002e_No_x002e_']}","ApprovalCreationInput/assignedTo":"prince.panchal@cms-induslaw.com; dharmesh.thakkar@cms-induslaw.com","ApprovalCreationInput/details":"Hi CFO,\n\nAccount Manager has approved this voucher and is pending for your approval.\nKindly review and respond at your earliest convenience.\n\nThank you for your prompt attention.\n\nBest regards,\nIndusLaw Accounts Payable","ApprovalCreationInput/enableNotifications":true,"ApprovalCreationInput/enableReassignment":true},"authentication":"@parameters('$authentication')"}},"Update_item_38":{"runAfter":{"Create_an_approval_4":["Succeeded"]},"metadata":{"operationMetadataId":"25ec210e-ef38-44d0-9683-5a06055cb915"},"type":"OpenApiConnection","inputs":{"host":{"apiId":"/providers/Microsoft.PowerApps/apis/shared_sharepointonline","connectionName":"shared_sharepointonline","operationId":"PatchItem"},"parameters":{"dataset":"https://induslaw2.sharepoint.com/sites/IndusLawITHelpdeskTool","table":"aee1021a-8a14-45e0-b52b-eed124dca0f9","id":"@items('Apply_to_each_for_Approve')?['ID']","item/VoucherStatus/Value":"Pending for CFO","item/AccountsTeamApproval/Value":"Pending","item/AccTeamApprovalSent":false,"item/AccountsManagerApproval/Value":"Pending","item/AccManagApprovalSent":false,"item/CFOApprovalSent":false,"item/DharmeshApproval/Value":"Pending","item/CEOApprovalSent":false,"item/Jay_x0028_CEO_x0029_Approval/Value":"Pending","item/Status/Value":"Pending","item/ApprovalID":"@outputs('Create_an_approval_4')?['body/name']","item/EmailTime":"@outputs('Create_an_approval_4')?['body/requestDate']","item/SomeoneisEditing":false,"item/IsActive":true,"item/ModifiedAfterApproved":false,"item/IsUpdatedFromUI/Value":"No","item/SenttoZoho":false,"item/Logged":false,"item/CurrentStage":1},"authentication":"@parameters('$authentication')"}}}},"Case_4":{"case":"Pending for CFO","actions":{"Update_item_28":{"runAfter":{},"metadata":{"operationMetadataId":"2b0f7072-74cd-464c-a2ef-61fc7cd54ebe"},"type":"OpenApiConnection","inputs":{"host":{"apiId":"/providers/Microsoft.PowerApps/apis/shared_sharepointonline","connectionName":"shared_sharepointonline","operationId":"PatchItem"},"parameters":{"dataset":"https://induslaw2.sharepoint.com/sites/IndusLawITHelpdeskTool","table":"aee1021a-8a14-45e0-b52b-eed124dca0f9","id":"@items('Apply_to_each_for_Approve')?['ID']","item/VoucherStatus/Value":"Pending for CEO","item/AccountsTeamApproval/Value":"Pending","item/AccTeamApprovalSent":false,"item/AccountsManagerApproval/Value":"Pending","item/AccManagApprovalSent":false,"item/CFOApprovalSent":false,"item/DharmeshApproval/Value":"Pending","item/CEOApprovalSent":false,"item/Jay_x0028_CEO_x0029_Approval/Value":"Pending","item/Status/Value":"Pending","item/IsActive":false,"item/IsUpdatedFromUI/Value":"No","item/SenttoZoho":false,"item/Logged":false,"item/CurrentStage":1},"authentication":"@parameters('$authentication')"}},"Delay_14":{"runAfter":{"Update_item_39":["Succeeded"]},"metadata":{"operationMetadataId":"e546fa6e-9c14-4730-bc91-212ef10e75a9"},"type":"Wait","inputs":{"interval":{"count":10,"unit":"Second"}}},"Get_emails_(V3)_14":{"runAfter":{"Delay_14":["Succeeded"]},"metadata":{"operationMetadataId":"36a940c6-e9e0-4361-b4db-c7cd2cede1b8"},"type":"OpenApiConnection","inputs":{"host":{"apiId":"/providers/Microsoft.PowerApps/apis/shared_office365","connectionName":"shared_office365","operationId":"GetEmailsV3"},"parameters":{"folderPath":"Inbox","to":"prince.panchal@cms-induslaw.com","from":"flow-noreply@microsoft.com","fetchOnlyUnread":false,"includeAttachments":false,"searchQuery":"Approvals","top":1,"importance":"Any","fetchOnlyWithAttachment":false},"authentication":"@parameters('$authentication')"}},"Apply_to_each_4":{"foreach":"@outputs('Get_emails_(V3)_14')?['body/value']","actions":{"Update_item_29":{"runAfter":{},"metadata":{"operationMetadataId":"e9b824dc-84fd-438f-b032-f2214eb4c619"},"type":"OpenApiConnection","inputs":{"host":{"apiId":"/providers/Microsoft.PowerApps/apis/shared_sharepointonline","connectionName":"shared_sharepointonline","operationId":"PatchItem"},"parameters":{"dataset":"https://induslaw2.sharepoint.com/sites/IndusLawITHelpdeskTool","table":"aee1021a-8a14-45e0-b52b-eed124dca0f9","id":"@items('Apply_to_each_for_Approve')?['ID']","item/VoucherStatus/Value":"Pending for CEO","item/AccountsTeamApproval/Value":"Pending","item/AccTeamApprovalSent":false,"item/AccountsManagerApproval/Value":"Pending","item/AccManagApprovalSent":false,"item/CFOApprovalSent":false,"item/DharmeshApproval/Value":"Pending","item/CEOApprovalSent":false,"item/Jay_x0028_CEO_x0029_Approval/Value":"Pending","item/Status/Value":"Pending","item/ApprovalID":"@outputs('Create_an_approval_13')?['body/name']","item/EmailTime":"@outputs('Create_an_approval_13')?['body/requestDate']","item/MessageID":"@items('Apply_to_each_4')?['id']","item/IsActive":true,"item/IsUpdatedFromUI/Value":"No","item/SenttoZoho":false,"item/Logged":false,"item/CurrentStage":1},"authentication":"@parameters('$authentication')"}}},"runAfter":{"Get_emails_(V3)_14":["Succeeded"]},"metadata":{"operationMetadataId":"7621e413-793f-4b2e-8d83-1795098f7d95"},"type":"Foreach"},"Create_an_approval_13":{"runAfter":{"Update_item_28":["Succeeded"]},"metadata":{"operationMetadataId":"aedb07f4-48ff-4c59-a9df-b7bf53eada4a"},"type":"OpenApiConnection","inputs":{"host":{"apiId":"/providers/Microsoft.PowerApps/apis/shared_approvals","connectionName":"shared_approvals","operationId":"CreateAnApproval"},"parameters":{"approvalType":"CustomResponse","ApprovalCreationInput/responseOptions":["Approve","Send back to Partner","Send back to Account Team","Send back to Account Manager","Send Back to CFO"],"ApprovalCreationInput/title":"Payment/Reimbursement request Approval – @{items('Apply_to_each_for_Approve')?['Payee_Name']} – @{items('Apply_to_each_for_Approve')?['S_x002e_No_x002e_']}","ApprovalCreationInput/assignedTo":"prince.panchal@cms-induslaw.com;  jay.nr@cms-induslaw.com","ApprovalCreationInput/details":"Hi CEO,\n\nCFO has approved this voucher and is pending for your approval.\nKindly review and respond at your earliest convenience.\n\nThank you for your prompt attention.\n\nBest regards,\nIndusLaw Accounts Payable","ApprovalCreationInput/enableNotifications":true,"ApprovalCreationInput/enableReassignment":true},"authentication":"@parameters('$authentication')"}},"Update_item_39":{"runAfter":{"Create_an_approval_13":["Succeeded"]},"metadata":{"operationMetadataId":"2c3f21b4-7e64-4ca7-952d-23672c6e9f73"},"type":"OpenApiConnection","inputs":{"host":{"apiId":"/providers/Microsoft.PowerApps/apis/shared_sharepointonline","connectionName":"shared_sharepointonline","operationId":"PatchItem"},"parameters":{"dataset":"https://induslaw2.sharepoint.com/sites/IndusLawITHelpdeskTool","table":"aee1021a-8a14-45e0-b52b-eed124dca0f9","id":"@items('Apply_to_each_for_Approve')?['ID']","item/VoucherStatus/Value":"Pending for CEO","item/AccountsTeamApproval/Value":"Pending","item/AccTeamApprovalSent":false,"item/AccountsManagerApproval/Value":"Pending","item/AccManagApprovalSent":false,"item/CFOApprovalSent":false,"item/DharmeshApproval/Value":"Pending","item/CEOApprovalSent":false,"item/Jay_x0028_CEO_x0029_Approval/Value":"Pending","item/Status/Value":"Pending","item/ApprovalID":"@outputs('Create_an_approval_13')?['body/name']","item/EmailTime":"@outputs('Create_an_approval_13')?['body/requestDate']","item/SomeoneisEditing":false,"item/IsActive":true,"item/ModifiedAfterApproved":false,"item/IsUpdatedFromUI/Value":"No","item/SenttoZoho":false,"item/Logged":false,"item/CurrentStage":1},"authentication":"@parameters('$authentication')"}}}},"Case_5":{"case":"Pending for CEO","actions":{"Update_item_5":{"runAfter":{},"metadata":{"operationMetadataId":"59cd1176-220f-4664-83fb-47bb55c20927"},"type":"OpenApiConnection","inputs":{"host":{"apiId":"/providers/Microsoft.PowerApps/apis/shared_sharepointonline","connectionName":"shared_sharepointonline","operationId":"PatchItem"},"parameters":{"dataset":"https://induslaw2.sharepoint.com/sites/IndusLawITHelpdeskTool","table":"aee1021a-8a14-45e0-b52b-eed124dca0f9","id":"@items('Apply_to_each_for_Approve')?['ID']","item/VoucherStatus/Value":"Pending for Payment","item/AccountsTeamApproval/Value":"Pending","item/AccTeamApprovalSent":false,"item/AccountsManagerApproval/Value":"Pending","item/AccManagApprovalSent":false,"item/CFOApprovalSent":false,"item/DharmeshApproval/Value":"Pending","item/CEOApprovalSent":false,"item/Jay_x0028_CEO_x0029_Approval/Value":"Pending","item/Status/Value":"Pending","item/IsActive":false,"item/IsUpdatedFromUI/Value":"No","item/SenttoZoho":false,"item/Logged":false,"item/CurrentStage":1},"authentication":"@parameters('$authentication')"}}}}},"default":{"actions":{}},"expression":"@items('Apply_to_each_for_Approve')?['VoucherStatus/Value']","metadata":{"operationMetadataId":"71cc3e7b-4525-48c2-8599-24715452ad2c"},"type":"Switch"}},"runAfter":{},"metadata":{"operationMetadataId":"7aee8f6b-8ef6-4c22-b0cc-11964eda6e70"},"type":"Foreach"}},"runAfter":{},"else":{"actions":{"Apply_to_each_for_other_response":{"foreach":"@outputs('Get_items')?['body/value']","actions":{"Switch_2":{"runAfter":{},"cases":{"Pending_for_CEO":{"case":"Pending for CEO","actions":{"Switch_3":{"runAfter":{},"cases":{"Case":{"case":"Send Back to CFO","actions":{"Update_item_24":{"runAfter":{},"metadata":{"operationMetadataId":"6610211b-2ab2-4e40-9e6e-9c10358a04cd"},"type":"OpenApiConnection","inputs":{"host":{"apiId":"/providers/Microsoft.PowerApps/apis/shared_sharepointonline","connectionName":"shared_sharepointonline","operationId":"PatchItem"},"parameters":{"dataset":"https://induslaw2.sharepoint.com/sites/IndusLawITHelpdeskTool","table":"aee1021a-8a14-45e0-b52b-eed124dca0f9","id":"@items('Apply_to_each_for_other_response')?['ID']","item/VoucherStatus/Value":"Pending for CFO","item/AccountsTeamApproval/Value":"Pending","item/AccTeamApprovalSent":false,"item/AccountsManagerApproval/Value":"Pending","item/AccManagApprovalSent":false,"item/CFOApprovalSent":false,"item/DharmeshApproval/Value":"Pending","item/CEOApprovalSent":false,"item/Jay_x0028_CEO_x0029_Approval/Value":"Pending","item/Status/Value":"Pending","item/IsActive":false,"item/IsUpdatedFromUI/Value":"No","item/SenttoZoho":false,"item/Logged":false,"item/CurrentStage":1},"authentication":"@parameters('$authentication')"}},"Create_an_approval_12":{"runAfter":{"Update_item_24":["Succeeded"]},"metadata":{"operationMetadataId":"4d76218e-abef-41f0-9927-0d2dae3cab27"},"type":"OpenApiConnection","inputs":{"host":{"apiId":"/providers/Microsoft.PowerApps/apis/shared_approvals","connectionName":"shared_approvals","operationId":"CreateAnApproval"},"parameters":{"approvalType":"CustomResponse","ApprovalCreationInput/responseOptions":["Approve","Re-Submit","Send back to Account Manager","Send back to Account Team","Send back to Partner"],"ApprovalCreationInput/title":"Payment/Reimbursement request Approval – @{items('Apply_to_each_for_other_response')?['Payee_Name']} – @{items('Apply_to_each_for_other_response')?['S_x002e_No_x002e_']}","ApprovalCreationInput/assignedTo":"dharmesh.thakkar@cms-induslaw.com;  prince.panchal@cms-induslaw.com","ApprovalCreationInput/details":"Hi CFO,\n\nCEO has send back this voucher.\n\nKindly review and respond at your earliest convenience.\n\nThank you for your prompt attention.\n\nBest regards,\nIndusLaw Accounts Payable","ApprovalCreationInput/enableNotifications":true,"ApprovalCreationInput/enableReassignment":true},"authentication":"@parameters('$authentication')"}},"Delay_12":{"runAfter":{"Update_item_40":["Succeeded"]},"metadata":{"operationMetadataId":"e586631a-a542-4453-b877-31c1a5fff99c"},"type":"Wait","inputs":{"interval":{"count":10,"unit":"Second"}}},"Get_emails_(V3)_12":{"runAfter":{"Delay_12":["Succeeded"]},"metadata":{"operationMetadataId":"fa1c5d1d-57f5-41dc-bc27-b6acc1906a5c"},"type":"OpenApiConnection","inputs":{"host":{"apiId":"/providers/Microsoft.PowerApps/apis/shared_office365","connectionName":"shared_office365","operationId":"GetEmailsV3"},"parameters":{"folderPath":"Inbox","to":"prince.panchal@cms-induslaw.com","from":"flow-noreply@microsoft.com","fetchOnlyUnread":true,"includeAttachments":false,"searchQuery":"Approvals","top":1,"importance":"Any","fetchOnlyWithAttachment":false},"authentication":"@parameters('$authentication')"}},"Apply_to_each_13":{"foreach":"@outputs('Get_emails_(V3)_12')?['body/value']","actions":{"Update_item_25":{"runAfter":{},"metadata":{"operationMetadataId":"ce723f15-f018-49b3-bb1a-68a849e33c64"},"type":"OpenApiConnection","inputs":{"host":{"apiId":"/providers/Microsoft.PowerApps/apis/shared_sharepointonline","connectionName":"shared_sharepointonline","operationId":"PatchItem"},"parameters":{"dataset":"https://induslaw2.sharepoint.com/sites/IndusLawITHelpdeskTool","table":"aee1021a-8a14-45e0-b52b-eed124dca0f9","id":"@items('Apply_to_each_for_other_response')?['ID']","item/VoucherStatus/Value":"Pending for CFO","item/AccountsTeamApproval/Value":"Pending","item/AccTeamApprovalSent":false,"item/AccountsManagerApproval/Value":"Pending","item/AccManagApprovalSent":false,"item/CFOApprovalSent":false,"item/DharmeshApproval/Value":"Pending","item/CEOApprovalSent":false,"item/Jay_x0028_CEO_x0029_Approval/Value":"Pending","item/Status/Value":"Pending","item/ApprovalID":"@outputs('Create_an_approval_12')?['body/name']","item/EmailTime":"@outputs('Create_an_approval_12')?['body/requestDate']","item/MessageID":"@items('Apply_to_each_13')?['id']","item/IsActive":true,"item/IsUpdatedFromUI/Value":"No","item/SenttoZoho":false,"item/Logged":false,"item/CurrentStage":1},"authentication":"@parameters('$authentication')"}}},"runAfter":{"Get_emails_(V3)_12":["Succeeded"]},"metadata":{"operationMetadataId":"2f3b3eb5-a536-45de-9916-c369a38475f9"},"type":"Foreach"},"Update_item_40":{"runAfter":{"Create_an_approval_12":["Succeeded"]},"metadata":{"operationMetadataId":"7307d374-ac2d-4660-966c-6808d34fd6ff"},"type":"OpenApiConnection","inputs":{"host":{"apiId":"/providers/Microsoft.PowerApps/apis/shared_sharepointonline","connectionName":"shared_sharepointonline","operationId":"PatchItem"},"parameters":{"dataset":"https://induslaw2.sharepoint.com/sites/IndusLawITHelpdeskTool","table":"aee1021a-8a14-45e0-b52b-eed124dca0f9","id":"@items('Apply_to_each_for_other_response')?['ID']","item/VoucherStatus/Value":"Pending for CFO","item/AccountsTeamApproval/Value":"Pending","item/AccTeamApprovalSent":false,"item/AccountsManagerApproval/Value":"Pending","item/AccManagApprovalSent":false,"item/CFOApprovalSent":false,"item/DharmeshApproval/Value":"Pending","item/CEOApprovalSent":false,"item/Jay_x0028_CEO_x0029_Approval/Value":"Pending","item/Status/Value":"Pending","item/ApprovalID":"@outputs('Create_an_approval_12')?['body/name']","item/EmailTime":"@outputs('Create_an_approval_12')?['body/requestDate']","item/SomeoneisEditing":false,"item/IsActive":true,"item/ModifiedAfterApproved":false,"item/IsUpdatedFromUI/Value":"No","item/SenttoZoho":false,"item/Logged":false,"item/CurrentStage":1},"authentication":"@parameters('$authentication')"}}}},"Case_2":{"case":"Send back to Account Manager","actions":{"Update_item_22":{"runAfter":{},"metadata":{"operationMetadataId":"5f51177b-b6be-4de0-8e57-2fac37bc32fe"},"type":"OpenApiConnection","inputs":{"host":{"apiId":"/providers/Microsoft.PowerApps/apis/shared_sharepointonline","connectionName":"shared_sharepointonline","operationId":"PatchItem"},"parameters":{"dataset":"https://induslaw2.sharepoint.com/sites/IndusLawITHelpdeskTool","table":"aee1021a-8a14-45e0-b52b-eed124dca0f9","id":"@items('Apply_to_each_for_other_response')?['ID']","item/VoucherStatus/Value":"Pending for Accounts Manager","item/AccountsTeamApproval/Value":"Pending","item/AccTeamApprovalSent":false,"item/AccountsManagerApproval/Value":"Pending","item/AccManagApprovalSent":false,"item/CFOApprovalSent":false,"item/DharmeshApproval/Value":"Pending","item/CEOApprovalSent":false,"item/Jay_x0028_CEO_x0029_Approval/Value":"Pending","item/Status/Value":"Pending","item/IsActive":false,"item/IsUpdatedFromUI/Value":"No","item/SenttoZoho":false,"item/Logged":false,"item/CurrentStage":1},"authentication":"@parameters('$authentication')"}},"Create_an_approval_11":{"runAfter":{"Update_item_22":["Succeeded"]},"metadata":{"operationMetadataId":"d89dda55-b2a3-4f41-a15f-41fa7136b842"},"type":"OpenApiConnection","inputs":{"host":{"apiId":"/providers/Microsoft.PowerApps/apis/shared_approvals","connectionName":"shared_approvals","operationId":"CreateAnApproval"},"parameters":{"approvalType":"CustomResponse","ApprovalCreationInput/responseOptions":["Approve","Re-Submit","Send back to Account Team","Send back to Partner"],"ApprovalCreationInput/title":"Payment/Reimbursement request Approval – @{items('Apply_to_each_for_other_response')?['Payee_Name']} – @{items('Apply_to_each_for_other_response')?['S_x002e_No_x002e_']}","ApprovalCreationInput/assignedTo":"prince.panchal@cms-induslaw.com;  rashmi.harish@cms-induslaw.com;  manjunath.r@cms-induslaw.com","ApprovalCreationInput/details":"Hi Manager,\n\nCEO has send back this voucher.\n\nKindly review and respond at your earliest convenience.\n\nThank you for your prompt attention.\n\nBest regards,\nIndusLaw Accounts Payable","ApprovalCreationInput/enableNotifications":true,"ApprovalCreationInput/enableReassignment":true},"authentication":"@parameters('$authentication')"}},"Update_item_41":{"runAfter":{"Create_an_approval_11":["Succeeded"]},"metadata":{"operationMetadataId":"6b637311-e2b4-4575-a67a-8dd9a4d1ed62"},"type":"OpenApiConnection","inputs":{"host":{"apiId":"/providers/Microsoft.PowerApps/apis/shared_sharepointonline","connectionName":"shared_sharepointonline","operationId":"PatchItem"},"parameters":{"dataset":"https://induslaw2.sharepoint.com/sites/IndusLawITHelpdeskTool","table":"aee1021a-8a14-45e0-b52b-eed124dca0f9","id":"@items('Apply_to_each_for_other_response')?['ID']","item/VoucherStatus/Value":"Pending for Accounts Manager","item/AccountsTeamApproval/Value":"Pending","item/AccTeamApprovalSent":false,"item/AccountsManagerApproval/Value":"Pending","item/AccManagApprovalSent":false,"item/CFOApprovalSent":false,"item/DharmeshApproval/Value":"Pending","item/CEOApprovalSent":false,"item/Jay_x0028_CEO_x0029_Approval/Value":"Pending","item/Status/Value":"Pending","item/ApprovalID":"@outputs('Create_an_approval_11')?['body/name']","item/EmailTime":"@outputs('Create_an_approval_11')?['body/requestDate']","item/SomeoneisEditing":false,"item/IsActive":true,"item/ModifiedAfterApproved":false,"item/IsUpdatedFromUI/Value":"No","item/SenttoZoho":false,"item/Logged":false,"item/CurrentStage":1},"authentication":"@parameters('$authentication')"}}}},"Case_3":{"case":"Send back to Account Team","actions":{"Update_item_20":{"runAfter":{},"metadata":{"operationMetadataId":"0400e5e2-beb3-4b98-9f9c-4c8eb843b882"},"type":"OpenApiConnection","inputs":{"host":{"apiId":"/providers/Microsoft.PowerApps/apis/shared_sharepointonline","connectionName":"shared_sharepointonline","operationId":"PatchItem"},"parameters":{"dataset":"https://induslaw2.sharepoint.com/sites/IndusLawITHelpdeskTool","table":"aee1021a-8a14-45e0-b52b-eed124dca0f9","id":"@items('Apply_to_each_for_other_response')?['ID']","item/VoucherStatus/Value":"Pending for Account Teams","item/AccountsTeamApproval/Value":"Pending","item/AccTeamApprovalSent":false,"item/AccountsManagerApproval/Value":"Pending","item/AccManagApprovalSent":false,"item/CFOApprovalSent":false,"item/DharmeshApproval/Value":"Pending","item/CEOApprovalSent":false,"item/Jay_x0028_CEO_x0029_Approval/Value":"Pending","item/Status/Value":"Pending","item/IsActive":false,"item/IsUpdatedFromUI/Value":"No","item/SenttoZoho":false,"item/Logged":false,"item/CurrentStage":1},"authentication":"@parameters('$authentication')"}},"Create_an_approval_10":{"runAfter":{"Update_item_20":["Succeeded"]},"metadata":{"operationMetadataId":"5a49a1e5-7c39-4f21-836b-8b4554f7f05a"},"type":"OpenApiConnection","inputs":{"host":{"apiId":"/providers/Microsoft.PowerApps/apis/shared_approvals","connectionName":"shared_approvals","operationId":"CreateAnApproval"},"parameters":{"approvalType":"CustomResponse","ApprovalCreationInput/responseOptions":["Approve","Re-Submit","Send back to Partner"],"ApprovalCreationInput/title":"Payment/Reimbursement request Approval – @{items('Apply_to_each_for_other_response')?['Payee_Name']} – @{items('Apply_to_each_for_other_response')?['S_x002e_No_x002e_']}","ApprovalCreationInput/assignedTo":"prince.panchal@cms-induslaw.com;  rashmi.harish@cms-induslaw.com;  manjunath.r@cms-induslaw.com","ApprovalCreationInput/details":"Hi Team,\n\nCEO has send back this voucher.\n\nKindly review and respond at your earliest convenience.\n\nThank you for your prompt attention.\n\nBest regards,\nIndusLaw Accounts Payable","ApprovalCreationInput/enableNotifications":true,"ApprovalCreationInput/enableReassignment":true},"authentication":"@parameters('$authentication')"}},"Update_item_42":{"runAfter":{"Create_an_approval_10":["Succeeded"]},"metadata":{"operationMetadataId":"4e9ee7e7-7b41-45d8-a162-17a46708caf5"},"type":"OpenApiConnection","inputs":{"host":{"apiId":"/providers/Microsoft.PowerApps/apis/shared_sharepointonline","connectionName":"shared_sharepointonline","operationId":"PatchItem"},"parameters":{"dataset":"https://induslaw2.sharepoint.com/sites/IndusLawITHelpdeskTool","table":"aee1021a-8a14-45e0-b52b-eed124dca0f9","id":"@items('Apply_to_each_for_other_response')?['ID']","item/VoucherStatus/Value":"Pending for Account Teams","item/AccountsTeamApproval/Value":"Pending","item/AccTeamApprovalSent":false,"item/AccountsManagerApproval/Value":"Pending","item/AccManagApprovalSent":false,"item/CFOApprovalSent":false,"item/DharmeshApproval/Value":"Pending","item/CEOApprovalSent":false,"item/Jay_x0028_CEO_x0029_Approval/Value":"Pending","item/Status/Value":"Pending","item/ApprovalID":"@outputs('Create_an_approval_10')?['body/name']","item/EmailTime":"@outputs('Create_an_approval_10')?['body/requestDate']","item/SomeoneisEditing":false,"item/IsActive":true,"item/ModifiedAfterApproved":false,"item/IsUpdatedFromUI/Value":"No","item/SenttoZoho":false,"item/Logged":false,"item/CurrentStage":1},"authentication":"@parameters('$authentication')"}}}},"Case_4":{"case":"Send back to Partner","actions":{"Update_item_26":{"runAfter":{},"metadata":{"operationMetadataId":"810fb5ef-6d1c-45fd-ab70-b795667c5944"},"type":"OpenApiConnection","inputs":{"host":{"apiId":"/providers/Microsoft.PowerApps/apis/shared_sharepointonline","connectionName":"shared_sharepointonline","operationId":"PatchItem"},"parameters":{"dataset":"https://induslaw2.sharepoint.com/sites/IndusLawITHelpdeskTool","table":"aee1021a-8a14-45e0-b52b-eed124dca0f9","id":"@items('Apply_to_each_for_other_response')?['ID']","item/VoucherStatus/Value":"Pending for Partner","item/AccountsTeamApproval/Value":"Pending","item/AccTeamApprovalSent":false,"item/AccountsManagerApproval/Value":"Pending","item/AccManagApprovalSent":false,"item/CFOApprovalSent":false,"item/DharmeshApproval/Value":"Pending","item/CEOApprovalSent":false,"item/Jay_x0028_CEO_x0029_Approval/Value":"Pending","item/Status/Value":"Pending","item/IsActive":false,"item/IsUpdatedFromUI/Value":"No","item/SenttoZoho":false,"item/Logged":false,"item/CurrentStage":1},"authentication":"@parameters('$authentication')"}},"Create_an_approval_14":{"runAfter":{"Update_item_26":["Succeeded"]},"metadata":{"operationMetadataId":"c9672bb4-6b0e-4b06-9914-a29006f5d209"},"type":"OpenApiConnection","inputs":{"host":{"apiId":"/providers/Microsoft.PowerApps/apis/shared_approvals","connectionName":"shared_approvals","operationId":"CreateAnApproval"},"parameters":{"approvalType":"CustomResponse","ApprovalCreationInput/responseOptions":["Approve","Re-Submit"],"ApprovalCreationInput/title":"Payment/Reimbursement request Approval – @{items('Apply_to_each_for_other_response')?['Payee_Name']} – @{items('Apply_to_each_for_other_response')?['S_x002e_No_x002e_']}","ApprovalCreationInput/assignedTo":"prince.panchal@cms-induslaw.com;  @{outputs('Update_item_26')?['body/VoucherToBeApprovedBy/Email']};","ApprovalCreationInput/details":"Hi Partner,\n\nCEO has send back this voucher.\n\nKindly review and respond at your earliest convenience.\n\nThank you for your prompt attention.\n\nBest regards,\nIndusLaw Accounts Payable","ApprovalCreationInput/enableNotifications":true,"ApprovalCreationInput/enableReassignment":true},"authentication":"@parameters('$authentication')"}},"Delay_13":{"runAfter":{"Update_item_43":["Succeeded"]},"metadata":{"operationMetadataId":"ae170260-5db7-4ad8-af30-9a6b3a7e9398"},"type":"Wait","inputs":{"interval":{"count":10,"unit":"Second"}}},"Get_emails_(V3)_13":{"runAfter":{"Delay_13":["Succeeded"]},"metadata":{"operationMetadataId":"f019e193-1fad-4e1f-86c7-8d888cb864b6"},"type":"OpenApiConnection","inputs":{"host":{"apiId":"/providers/Microsoft.PowerApps/apis/shared_office365","connectionName":"shared_office365","operationId":"GetEmailsV3"},"parameters":{"folderPath":"Inbox","to":"prince.panchal@cms-induslaw.com","from":"flow-noreply@microsoft.com","fetchOnlyUnread":true,"includeAttachments":false,"searchQuery":"Approvals","top":1,"importance":"Any","fetchOnlyWithAttachment":false},"authentication":"@parameters('$authentication')"}},"Apply_to_each_14":{"foreach":"@outputs('Get_emails_(V3)_13')?['body/value']","actions":{"Update_item_27":{"runAfter":{},"metadata":{"operationMetadataId":"906a35d5-d0dd-40ad-a9ab-27df916fa981"},"type":"OpenApiConnection","inputs":{"host":{"apiId":"/providers/Microsoft.PowerApps/apis/shared_sharepointonline","connectionName":"shared_sharepointonline","operationId":"PatchItem"},"parameters":{"dataset":"https://induslaw2.sharepoint.com/sites/IndusLawITHelpdeskTool","table":"aee1021a-8a14-45e0-b52b-eed124dca0f9","id":"@items('Apply_to_each_for_other_response')?['ID']","item/VoucherStatus/Value":"Pending for Partner","item/AccountsTeamApproval/Value":"Pending","item/AccTeamApprovalSent":false,"item/AccountsManagerApproval/Value":"Pending","item/AccManagApprovalSent":false,"item/CFOApprovalSent":false,"item/DharmeshApproval/Value":"Pending","item/CEOApprovalSent":false,"item/Jay_x0028_CEO_x0029_Approval/Value":"Pending","item/Status/Value":"Pending","item/ApprovalID":"@outputs('Create_an_approval_14')?['body/name']","item/EmailTime":"@outputs('Create_an_approval_14')?['body/requestDate']","item/MessageID":"@items('Apply_to_each_14')?['id']","item/IsActive":true,"item/IsUpdatedFromUI/Value":"No","item/SenttoZoho":false,"item/Logged":false,"item/CurrentStage":1},"authentication":"@parameters('$authentication')"}}},"runAfter":{"Get_emails_(V3)_13":["Succeeded"]},"metadata":{"operationMetadataId":"59f7925d-d0bd-4410-9eac-ae81b40dfa85"},"type":"Foreach"},"Update_item_43":{"runAfter":{"Create_an_approval_14":["Succeeded"]},"metadata":{"operationMetadataId":"7799e70c-ca53-4296-8211-642accb2cbae"},"type":"OpenApiConnection","inputs":{"host":{"apiId":"/providers/Microsoft.PowerApps/apis/shared_sharepointonline","connectionName":"shared_sharepointonline","operationId":"PatchItem"},"parameters":{"dataset":"https://induslaw2.sharepoint.com/sites/IndusLawITHelpdeskTool","table":"aee1021a-8a14-45e0-b52b-eed124dca0f9","id":"@items('Apply_to_each_for_other_response')?['ID']","item/VoucherStatus/Value":"Pending for Partner","item/AccountsTeamApproval/Value":"Pending","item/AccTeamApprovalSent":false,"item/AccountsManagerApproval/Value":"Pending","item/AccManagApprovalSent":false,"item/CFOApprovalSent":false,"item/DharmeshApproval/Value":"Pending","item/CEOApprovalSent":false,"item/Jay_x0028_CEO_x0029_Approval/Value":"Pending","item/Status/Value":"Pending","item/ApprovalID":"@outputs('Create_an_approval_14')?['body/name']","item/EmailTime":"@outputs('Create_an_approval_14')?['body/requestDate']","item/SomeoneisEditing":false,"item/IsActive":true,"item/ModifiedAfterApproved":false,"item/IsUpdatedFromUI/Value":"No","item/SenttoZoho":false,"item/Logged":false,"item/CurrentStage":1},"authentication":"@parameters('$authentication')"}}}},"Case_5":{"case":"Re-Submit","actions":{"Send_an_email_(V2)_4":{"runAfter":{},"metadata":{"operationMetadataId":"9af0e795-dd30-467f-9c20-add15407c1d7"},"type":"OpenApiConnection","inputs":{"host":{"apiId":"/providers/Microsoft.PowerApps/apis/shared_office365","connectionName":"shared_office365","operationId":"SendEmailV2"},"parameters":{"emailMessage/To":"@{items('Apply_to_each_for_other_response')?['PreparedBy/Email']} ; prince.panchal@cms-induslaw.com","emailMessage/Subject":"Invoice approval request","emailMessage/Body":"<p>Hi,<br>\n<br>\nCEO has rejected your invoice<br>\n<br>\nPlease review and submit again<br>\n<br>\nRegards,<br>\nAccounts Team</p>","emailMessage/From":"induslawaccountspayableshared@cms-induslaw.com","emailMessage/Importance":"Normal"},"authentication":"@parameters('$authentication')"}},"Update_item_30":{"runAfter":{"Send_an_email_(V2)_4":["Succeeded"]},"metadata":{"operationMetadataId":"3d508bfd-feef-47c3-9c9d-41bd1598eb36"},"type":"OpenApiConnection","inputs":{"host":{"apiId":"/providers/Microsoft.PowerApps/apis/shared_sharepointonline","connectionName":"shared_sharepointonline","operationId":"PatchItem"},"parameters":{"dataset":"https://induslaw2.sharepoint.com/sites/IndusLawITHelpdeskTool","table":"aee1021a-8a14-45e0-b52b-eed124dca0f9","id":"@items('Apply_to_each_for_other_response')?['ID']","item/VoucherStatus/Value":"Re-Submit","item/AccountsTeamApproval/Value":"Pending","item/AccTeamApprovalSent":false,"item/AccountsManagerApproval/Value":"Pending","item/AccManagApprovalSent":false,"item/CFOApprovalSent":false,"item/DharmeshApproval/Value":"Pending","item/CEOApprovalSent":false,"item/Jay_x0028_CEO_x0029_Approval/Value":"Pending","item/Status/Value":"Pending","item/IsActive":false,"item/IsUpdatedFromUI/Value":"No","item/SenttoZoho":false,"item/Logged":false,"item/CurrentStage":1},"authentication":"@parameters('$authentication')"}}}}},"default":{"actions":{}},"expression":"@triggerOutputs()?['body/msdyn_flow_approval_result']","metadata":{"operationMetadataId":"bc26ca03-ce19-42a1-a549-8401555ded6c"},"type":"Switch"}}},"Pending_for_CFO":{"case":"Pending for CFO","actions":{"Switch_4":{"runAfter":{},"cases":{"Case":{"case":"Send back to Account Manager","actions":{"Update_item_16":{"runAfter":{},"metadata":{"operationMetadataId":"1c07f3fc-097a-4766-b222-5e9f2d5fbb37"},"type":"OpenApiConnection","inputs":{"host":{"apiId":"/providers/Microsoft.PowerApps/apis/shared_sharepointonline","connectionName":"shared_sharepointonline","operationId":"PatchItem"},"parameters":{"dataset":"https://induslaw2.sharepoint.com/sites/IndusLawITHelpdeskTool","table":"aee1021a-8a14-45e0-b52b-eed124dca0f9","id":"@items('Apply_to_each_for_other_response')?['ID']","item/VoucherStatus/Value":"Pending for Accounts Manager","item/AccountsTeamApproval/Value":"Pending","item/AccTeamApprovalSent":false,"item/AccountsManagerApproval/Value":"Pending","item/AccManagApprovalSent":false,"item/CFOApprovalSent":false,"item/DharmeshApproval/Value":"Pending","item/CEOApprovalSent":false,"item/Jay_x0028_CEO_x0029_Approval/Value":"Pending","item/Status/Value":"Pending","item/IsActive":false,"item/IsUpdatedFromUI/Value":"No","item/SenttoZoho":false,"item/Logged":false,"item/CurrentStage":1},"authentication":"@parameters('$authentication')"}},"Create_an_approval_8":{"runAfter":{"Update_item_16":["Succeeded"]},"metadata":{"operationMetadataId":"8dc89398-ed66-423f-937e-6c8ed581649b"},"type":"OpenApiConnection","inputs":{"host":{"apiId":"/providers/Microsoft.PowerApps/apis/shared_approvals","connectionName":"shared_approvals","operationId":"CreateAnApproval"},"parameters":{"approvalType":"CustomResponse","ApprovalCreationInput/responseOptions":["Approve","Re-Submit","Send back to Account Team","Send back to partner"],"ApprovalCreationInput/title":"Payment/Reimbursement request Approval – @{items('Apply_to_each_for_other_response')?['Payee_Name']} – @{items('Apply_to_each_for_other_response')?['S_x002e_No_x002e_']}","ApprovalCreationInput/assignedTo":"prince.panchal@cms-induslaw.com;  rashmi.harish@cms-induslaw.com;  manjunath.r@cms-induslaw.com","ApprovalCreationInput/details":"Hi Manager,\n\nCFO has send back this voucher.\n\nKindly review and respond at your earliest convenience.\n\nThank you for your prompt attention.\n\nBest regards,\nIndusLaw Accounts Payable","ApprovalCreationInput/enableNotifications":true,"ApprovalCreationInput/enableReassignment":true},"authentication":"@parameters('$authentication')"}},"Update_item_44":{"runAfter":{"Create_an_approval_8":["Succeeded"]},"metadata":{"operationMetadataId":"1a57ec33-c1f0-4843-9bdf-1b89c79412f9"},"type":"OpenApiConnection","inputs":{"host":{"apiId":"/providers/Microsoft.PowerApps/apis/shared_sharepointonline","connectionName":"shared_sharepointonline","operationId":"PatchItem"},"parameters":{"dataset":"https://induslaw2.sharepoint.com/sites/IndusLawITHelpdeskTool","table":"aee1021a-8a14-45e0-b52b-eed124dca0f9","id":"@items('Apply_to_each_for_other_response')?['ID']","item/VoucherStatus/Value":"Pending for Accounts Manager","item/AccountsTeamApproval/Value":"Pending","item/AccTeamApprovalSent":false,"item/AccountsManagerApproval/Value":"Pending","item/AccManagApprovalSent":false,"item/CFOApprovalSent":false,"item/DharmeshApproval/Value":"Pending","item/CEOApprovalSent":false,"item/Jay_x0028_CEO_x0029_Approval/Value":"Pending","item/Status/Value":"Pending","item/ApprovalID":"@outputs('Create_an_approval_8')?['body/name']","item/EmailTime":"@outputs('Create_an_approval_8')?['body/requestDate']","item/SomeoneisEditing":false,"item/IsActive":true,"item/ModifiedAfterApproved":false,"item/IsUpdatedFromUI/Value":"No","item/SenttoZoho":false,"item/Logged":false,"item/CurrentStage":1},"authentication":"@parameters('$authentication')"}}}},"Case_2":{"case":"Send back to Account Team","actions":{"Update_item_12":{"runAfter":{},"metadata":{"operationMetadataId":"42350b18-ff50-43c0-b75e-8f66e98476c2"},"type":"OpenApiConnection","inputs":{"host":{"apiId":"/providers/Microsoft.PowerApps/apis/shared_sharepointonline","connectionName":"shared_sharepointonline","operationId":"PatchItem"},"parameters":{"dataset":"https://induslaw2.sharepoint.com/sites/IndusLawITHelpdeskTool","table":"aee1021a-8a14-45e0-b52b-eed124dca0f9","id":"@items('Apply_to_each_for_other_response')?['ID']","item/VoucherStatus/Value":"Pending for Account Teams","item/AccountsTeamApproval/Value":"Pending","item/AccTeamApprovalSent":false,"item/AccountsManagerApproval/Value":"Pending","item/AccManagApprovalSent":false,"item/CFOApprovalSent":false,"item/DharmeshApproval/Value":"Pending","item/CEOApprovalSent":false,"item/Jay_x0028_CEO_x0029_Approval/Value":"Pending","item/Status/Value":"Pending","item/IsActive":false,"item/IsUpdatedFromUI/Value":"No","item/SenttoZoho":false,"item/Logged":false,"item/CurrentStage":1},"authentication":"@parameters('$authentication')"}},"Create_an_approval_7":{"runAfter":{"Update_item_12":["Succeeded"]},"metadata":{"operationMetadataId":"58e1250c-0a09-45c1-8128-c8e599ec7190"},"type":"OpenApiConnection","inputs":{"host":{"apiId":"/providers/Microsoft.PowerApps/apis/shared_approvals","connectionName":"shared_approvals","operationId":"CreateAnApproval"},"parameters":{"approvalType":"CustomResponse","ApprovalCreationInput/responseOptions":["Approve","Re-Submit","Send to Partner"],"ApprovalCreationInput/title":"Payment/Reimbursement request Approval – @{items('Apply_to_each_for_other_response')?['Payee_Name']} – @{items('Apply_to_each_for_other_response')?['S_x002e_No_x002e_']}","ApprovalCreationInput/assignedTo":"prince.panchal@cms-induslaw.com;  rashmi.harish@cms-induslaw.com;  manjunath.r@cms-induslaw.com","ApprovalCreationInput/details":"Hi Team,\n\nCFO has send back this voucher.\n\nKindly review and respond at your earliest convenience.\n\nThank you for your prompt attention.\n\nBest regards,\nIndusLaw Accounts Payable","ApprovalCreationInput/enableNotifications":true,"ApprovalCreationInput/enableReassignment":true},"authentication":"@parameters('$authentication')"}},"Update_item_45":{"runAfter":{"Create_an_approval_7":["Succeeded"]},"metadata":{"operationMetadataId":"80b664ca-8090-4906-8db1-eb2f47d90e94"},"type":"OpenApiConnection","inputs":{"host":{"apiId":"/providers/Microsoft.PowerApps/apis/shared_sharepointonline","connectionName":"shared_sharepointonline","operationId":"PatchItem"},"parameters":{"dataset":"https://induslaw2.sharepoint.com/sites/IndusLawITHelpdeskTool","table":"aee1021a-8a14-45e0-b52b-eed124dca0f9","id":"@items('Apply_to_each_for_other_response')?['ID']","item/VoucherStatus/Value":"Pending for Account Teams","item/AccountsTeamApproval/Value":"Pending","item/AccTeamApprovalSent":false,"item/AccountsManagerApproval/Value":"Pending","item/AccManagApprovalSent":false,"item/CFOApprovalSent":false,"item/DharmeshApproval/Value":"Pending","item/CEOApprovalSent":false,"item/Jay_x0028_CEO_x0029_Approval/Value":"Pending","item/Status/Value":"Pending","item/ApprovalID":"@outputs('Create_an_approval_7')?['body/name']","item/EmailTime":"@outputs('Create_an_approval_7')?['body/requestDate']","item/SomeoneisEditing":false,"item/IsActive":true,"item/ModifiedAfterApproved":false,"item/IsUpdatedFromUI/Value":"No","item/SenttoZoho":false,"item/Logged":false,"item/CurrentStage":1},"authentication":"@parameters('$authentication')"}}}},"Case_3":{"case":"Send back to Partner","actions":{"Update_item_18":{"runAfter":{},"metadata":{"operationMetadataId":"7a34b8ef-4462-4caf-8f0f-8f02a3c256d0"},"type":"OpenApiConnection","inputs":{"host":{"apiId":"/providers/Microsoft.PowerApps/apis/shared_sharepointonline","connectionName":"shared_sharepointonline","operationId":"PatchItem"},"parameters":{"dataset":"https://induslaw2.sharepoint.com/sites/IndusLawITHelpdeskTool","table":"aee1021a-8a14-45e0-b52b-eed124dca0f9","id":"@items('Apply_to_each_for_other_response')?['ID']","item/VoucherStatus/Value":"Pending for Partner","item/AccountsTeamApproval/Value":"Pending","item/AccTeamApprovalSent":false,"item/AccountsManagerApproval/Value":"Pending","item/AccManagApprovalSent":false,"item/CFOApprovalSent":false,"item/DharmeshApproval/Value":"Pending","item/CEOApprovalSent":false,"item/Jay_x0028_CEO_x0029_Approval/Value":"Pending","item/Status/Value":"Pending","item/IsActive":false,"item/IsUpdatedFromUI/Value":"No","item/SenttoZoho":false,"item/Logged":false,"item/CurrentStage":1},"authentication":"@parameters('$authentication')"}},"Create_an_approval_9":{"runAfter":{"Update_item_18":["Succeeded"]},"metadata":{"operationMetadataId":"1ceb7d9a-1c89-4a58-8907-b83301a2e696"},"type":"OpenApiConnection","inputs":{"host":{"apiId":"/providers/Microsoft.PowerApps/apis/shared_approvals","connectionName":"shared_approvals","operationId":"CreateAnApproval"},"parameters":{"approvalType":"CustomResponse","ApprovalCreationInput/responseOptions":["Approve","Re-Submit"],"ApprovalCreationInput/title":"Payment/Reimbursement request Approval – @{items('Apply_to_each_for_other_response')?['Payee_Name']} – @{items('Apply_to_each_for_other_response')?['S_x002e_No_x002e_']}","ApprovalCreationInput/assignedTo":"@{outputs('Update_item_18')?['body/VoucherToBeApprovedBy/Email']};","ApprovalCreationInput/details":"Hi Partner,\n\nCFO has send back this voucher.\n\nKindly review and respond at your earliest convenience.\n\nThank you for your prompt attention.\n\nBest regards,\nIndusLaw Accounts Payable","ApprovalCreationInput/enableNotifications":true,"ApprovalCreationInput/enableReassignment":true},"authentication":"@parameters('$authentication')"}},"Delay_9":{"runAfter":{"Update_item_46":["Succeeded"]},"metadata":{"operationMetadataId":"f528c677-1bf4-4d5e-bf3c-7a552c6f08dc"},"type":"Wait","inputs":{"interval":{"count":10,"unit":"Second"}}},"Get_emails_(V3)_9":{"runAfter":{"Delay_9":["Succeeded"]},"metadata":{"operationMetadataId":"fbcb54d5-2737-465e-9d78-58c93d848599"},"type":"OpenApiConnection","inputs":{"host":{"apiId":"/providers/Microsoft.PowerApps/apis/shared_office365","connectionName":"shared_office365","operationId":"GetEmailsV3"},"parameters":{"folderPath":"Inbox","to":"prince.panchal@cms-induslaw.com","from":"flow-noreply@microsoft.com","fetchOnlyUnread":false,"includeAttachments":false,"searchQuery":"Approvals","top":1,"importance":"Any","fetchOnlyWithAttachment":false},"authentication":"@parameters('$authentication')"}},"Apply_to_each_10":{"foreach":"@outputs('Get_emails_(V3)_9')?['body/value']","actions":{"Update_item_19":{"runAfter":{},"metadata":{"operationMetadataId":"c3a0bd16-6f49-4b6c-992e-5e543f6bed83"},"type":"OpenApiConnection","inputs":{"host":{"apiId":"/providers/Microsoft.PowerApps/apis/shared_sharepointonline","connectionName":"shared_sharepointonline","operationId":"PatchItem"},"parameters":{"dataset":"https://induslaw2.sharepoint.com/sites/IndusLawITHelpdeskTool","table":"aee1021a-8a14-45e0-b52b-eed124dca0f9","id":"@items('Apply_to_each_for_other_response')?['ID']","item/VoucherStatus/Value":"Pending for Partner","item/AccountsTeamApproval/Value":"Pending","item/AccTeamApprovalSent":false,"item/AccountsManagerApproval/Value":"Pending","item/AccManagApprovalSent":false,"item/CFOApprovalSent":false,"item/DharmeshApproval/Value":"Pending","item/CEOApprovalSent":false,"item/Jay_x0028_CEO_x0029_Approval/Value":"Pending","item/Status/Value":"Pending","item/ApprovalID":"@outputs('Create_an_approval_9')?['body/name']","item/EmailTime":"@outputs('Create_an_approval_9')?['body/requestDate']","item/MessageID":"@items('Apply_to_each_10')?['id']","item/IsActive":true,"item/IsUpdatedFromUI/Value":"No","item/SenttoZoho":false,"item/Logged":false,"item/CurrentStage":1},"authentication":"@parameters('$authentication')"}}},"runAfter":{"Get_emails_(V3)_9":["Succeeded"]},"metadata":{"operationMetadataId":"ba0ee939-ea1b-4fbf-9e2a-955b4bb15d07"},"type":"Foreach"},"Update_item_46":{"runAfter":{"Create_an_approval_9":["Succeeded"]},"metadata":{"operationMetadataId":"469f95f0-12b6-4d93-be4b-ffc5424b830c"},"type":"OpenApiConnection","inputs":{"host":{"apiId":"/providers/Microsoft.PowerApps/apis/shared_sharepointonline","connectionName":"shared_sharepointonline","operationId":"PatchItem"},"parameters":{"dataset":"https://induslaw2.sharepoint.com/sites/IndusLawITHelpdeskTool","table":"aee1021a-8a14-45e0-b52b-eed124dca0f9","id":"@items('Apply_to_each_for_other_response')?['ID']","item/VoucherStatus/Value":"Pending for Partner","item/AccountsTeamApproval/Value":"Pending","item/AccTeamApprovalSent":false,"item/AccountsManagerApproval/Value":"Pending","item/AccManagApprovalSent":false,"item/CFOApprovalSent":false,"item/DharmeshApproval/Value":"Pending","item/CEOApprovalSent":false,"item/Jay_x0028_CEO_x0029_Approval/Value":"Pending","item/Status/Value":"Pending","item/ApprovalID":"@outputs('Create_an_approval_9')?['body/name']","item/EmailTime":"@outputs('Create_an_approval_9')?['body/requestDate']","item/SomeoneisEditing":false,"item/IsActive":true,"item/ModifiedAfterApproved":false,"item/IsUpdatedFromUI/Value":"No","item/SenttoZoho":false,"item/Logged":false,"item/CurrentStage":1},"authentication":"@parameters('$authentication')"}}}},"Case_4":{"case":"Re-Submit","actions":{"Send_an_email_(V2)_3":{"runAfter":{},"metadata":{"operationMetadataId":"bf10bbcd-a6c4-42a6-8ebf-bfb31df938b8"},"type":"OpenApiConnection","inputs":{"host":{"apiId":"/providers/Microsoft.PowerApps/apis/shared_office365","connectionName":"shared_office365","operationId":"SendEmailV2"},"parameters":{"emailMessage/To":"@items('Apply_to_each_for_other_response')?['PreparedBy/Email']","emailMessage/Subject":"Invoice approval request","emailMessage/Body":"<p>Hi,<br>\n<br>\nCFO has rejected your invoice<br>\n<br>\nPlease review and submit again<br>\n<br>\nRegards,<br>\nAccounts Team</p>","emailMessage/From":"induslawaccountspayableshared@cms-induslaw.com","emailMessage/Importance":"Normal"},"authentication":"@parameters('$authentication')"}},"Update_item_33":{"runAfter":{"Send_an_email_(V2)_3":["Succeeded"]},"metadata":{"operationMetadataId":"9a073761-f0f4-4a70-bb66-31c3b7c36511"},"type":"OpenApiConnection","inputs":{"host":{"apiId":"/providers/Microsoft.PowerApps/apis/shared_sharepointonline","connectionName":"shared_sharepointonline","operationId":"PatchItem"},"parameters":{"dataset":"https://induslaw2.sharepoint.com/sites/IndusLawITHelpdeskTool","table":"aee1021a-8a14-45e0-b52b-eed124dca0f9","id":"@items('Apply_to_each_for_other_response')?['ID']","item/VoucherStatus/Value":"Re-Submit","item/AccountsTeamApproval/Value":"Pending","item/AccTeamApprovalSent":false,"item/AccountsManagerApproval/Value":"Pending","item/AccManagApprovalSent":false,"item/CFOApprovalSent":false,"item/DharmeshApproval/Value":"Pending","item/CEOApprovalSent":false,"item/Jay_x0028_CEO_x0029_Approval/Value":"Pending","item/Status/Value":"Pending","item/IsActive":false,"item/IsUpdatedFromUI/Value":"No","item/SenttoZoho":false,"item/Logged":false,"item/CurrentStage":1},"authentication":"@parameters('$authentication')"}}}}},"default":{"actions":{}},"expression":"@triggerOutputs()?['body/msdyn_flow_approval_result']","metadata":{"operationMetadataId":"94989cc4-a2d9-4b9b-a103-89a854381a51"},"type":"Switch"}}},"Pending_for_Account_Manager":{"case":"Pending for Accounts Manager","actions":{"Switch_for_Account_Manager":{"runAfter":{},"cases":{"Case":{"case":"Send back to Account Team","actions":{"Update_item_11":{"runAfter":{},"metadata":{"operationMetadataId":"886acdc3-1147-4157-ba07-2a76ef253cba"},"type":"OpenApiConnection","inputs":{"host":{"apiId":"/providers/Microsoft.PowerApps/apis/shared_sharepointonline","connectionName":"shared_sharepointonline","operationId":"PatchItem"},"parameters":{"dataset":"https://induslaw2.sharepoint.com/sites/IndusLawITHelpdeskTool","table":"aee1021a-8a14-45e0-b52b-eed124dca0f9","id":"@items('Apply_to_each_for_other_response')?['ID']","item/VoucherStatus/Value":"Pending for Account Teams","item/AccountsTeamApproval/Value":"Pending","item/AccTeamApprovalSent":false,"item/AccountsManagerApproval/Value":"Pending","item/AccManagApprovalSent":false,"item/CFOApprovalSent":false,"item/DharmeshApproval/Value":"Pending","item/CEOApprovalSent":false,"item/Jay_x0028_CEO_x0029_Approval/Value":"Pending","item/Status/Value":"Pending","item/IsActive":false,"item/IsUpdatedFromUI/Value":"No","item/SenttoZoho":false,"item/Logged":false,"item/CurrentStage":1},"authentication":"@parameters('$authentication')"}},"Create_an_approval_6":{"runAfter":{"Update_item_11":["Succeeded"]},"metadata":{"operationMetadataId":"9708acb8-eb02-4e76-9269-d5f8774fa0a1"},"type":"OpenApiConnection","inputs":{"host":{"apiId":"/providers/Microsoft.PowerApps/apis/shared_approvals","connectionName":"shared_approvals","operationId":"CreateAnApproval"},"parameters":{"approvalType":"CustomResponse","ApprovalCreationInput/responseOptions":["Approve","Re-Submit","Send to partner"],"ApprovalCreationInput/title":"Payment/Reimbursement request Approval – @{items('Apply_to_each_for_other_response')?['Payee_Name']} – @{items('Apply_to_each_for_other_response')?['S_x002e_No_x002e_']}","ApprovalCreationInput/assignedTo":"prince.panchal@cms-induslaw.com;  rashmi.harish@cms-induslaw.com;  manjunath.r@cms-induslaw.com","ApprovalCreationInput/details":"Hi Team,\n\nManager has send back this voucher.\n\nKindly review and respond at your earliest convenience.\n\nThank you for your prompt attention.\n\nBest regards,\nIndusLaw Accounts Payable","ApprovalCreationInput/enableNotifications":true,"ApprovalCreationInput/enableReassignment":true},"authentication":"@parameters('$authentication')"}},"Update_item_47":{"runAfter":{"Create_an_approval_6":["Succeeded"]},"metadata":{"operationMetadataId":"1ec874a7-381c-486a-872c-ff91239f8d6e"},"type":"OpenApiConnection","inputs":{"host":{"apiId":"/providers/Microsoft.PowerApps/apis/shared_sharepointonline","connectionName":"shared_sharepointonline","operationId":"PatchItem"},"parameters":{"dataset":"https://induslaw2.sharepoint.com/sites/IndusLawITHelpdeskTool","table":"aee1021a-8a14-45e0-b52b-eed124dca0f9","id":"@items('Apply_to_each_for_other_response')?['ID']","item/VoucherStatus/Value":"Pending for Account Teams","item/AccountsTeamApproval/Value":"Pending","item/AccTeamApprovalSent":false,"item/AccountsManagerApproval/Value":"Pending","item/AccManagApprovalSent":false,"item/CFOApprovalSent":false,"item/DharmeshApproval/Value":"Pending","item/CEOApprovalSent":false,"item/Jay_x0028_CEO_x0029_Approval/Value":"Pending","item/Status/Value":"Pending","item/ApprovalID":"@outputs('Create_an_approval_6')?['body/name']","item/EmailTime":"@outputs('Create_an_approval_6')?['body/requestDate']","item/SomeoneisEditing":false,"item/IsActive":true,"item/ModifiedAfterApproved":false,"item/IsUpdatedFromUI/Value":"No","item/SenttoZoho":false,"item/Logged":false,"item/CurrentStage":1},"authentication":"@parameters('$authentication')"}}}},"Case_2":{"case":"Send back to Partner","actions":{"Update_item_10":{"runAfter":{},"metadata":{"operationMetadataId":"60a52d3c-9300-4351-ac69-47356d393b08"},"type":"OpenApiConnection","inputs":{"host":{"apiId":"/providers/Microsoft.PowerApps/apis/shared_sharepointonline","connectionName":"shared_sharepointonline","operationId":"PatchItem"},"parameters":{"dataset":"https://induslaw2.sharepoint.com/sites/IndusLawITHelpdeskTool","table":"aee1021a-8a14-45e0-b52b-eed124dca0f9","id":"@items('Apply_to_each_for_other_response')?['ID']","item/VoucherStatus/Value":"Pending for Partner","item/AccountsTeamApproval/Value":"Pending","item/AccTeamApprovalSent":false,"item/AccountsManagerApproval/Value":"Pending","item/AccManagApprovalSent":false,"item/CFOApprovalSent":false,"item/DharmeshApproval/Value":"Pending","item/CEOApprovalSent":false,"item/Jay_x0028_CEO_x0029_Approval/Value":"Pending","item/Status/Value":"Pending","item/IsActive":false,"item/IsUpdatedFromUI/Value":"No","item/SenttoZoho":false,"item/Logged":false,"item/CurrentStage":1},"authentication":"@parameters('$authentication')"}},"Create_an_approval_5":{"runAfter":{"Update_item_10":["Succeeded"]},"metadata":{"operationMetadataId":"0d52d0c9-d6b2-4de1-b654-60779fb3758b"},"type":"OpenApiConnection","inputs":{"host":{"apiId":"/providers/Microsoft.PowerApps/apis/shared_approvals","connectionName":"shared_approvals","operationId":"CreateAnApproval"},"parameters":{"approvalType":"CustomResponse","ApprovalCreationInput/responseOptions":["Approve","Re-Submit"],"ApprovalCreationInput/title":"Payment/Reimbursement request Approval – @{items('Apply_to_each_for_other_response')?['Payee_Name']} – @{items('Apply_to_each_for_other_response')?['S_x002e_No_x002e_']}","ApprovalCreationInput/assignedTo":"@{outputs('Update_item_10')?['body/VoucherToBeApprovedBy/Email']};","ApprovalCreationInput/details":"Hi Partner,\n\nManager has send back this voucher.\n\nKindly review and respond at your earliest convenience.\n\nThank you for your prompt attention.\n\nBest regards,\nIndusLaw Accounts Payable","ApprovalCreationInput/enableNotifications":true,"ApprovalCreationInput/enableReassignment":true},"authentication":"@parameters('$authentication')"}},"Delay_5":{"runAfter":{"Update_item_48":["Succeeded"]},"metadata":{"operationMetadataId":"d9c31ca4-1906-4ff3-9845-30d9dab20bfa"},"type":"Wait","inputs":{"interval":{"count":10,"unit":"Second"}}},"Get_emails_(V3)_5":{"runAfter":{"Delay_5":["Succeeded"]},"metadata":{"operationMetadataId":"4e28ee2f-0c71-4df3-af72-ead2bf1531e9"},"type":"OpenApiConnection","inputs":{"host":{"apiId":"/providers/Microsoft.PowerApps/apis/shared_office365","connectionName":"shared_office365","operationId":"GetEmailsV3"},"parameters":{"folderPath":"Inbox","to":"prince.panchal@cms-induslaw.com","from":"flow-noreply@microsoft.com","fetchOnlyUnread":true,"includeAttachments":false,"searchQuery":"Approvals","top":1,"importance":"Any","fetchOnlyWithAttachment":false},"authentication":"@parameters('$authentication')"}},"Apply_to_each_6":{"foreach":"@outputs('Get_emails_(V3)_5')?['body/value']","actions":{"Update_item_13":{"runAfter":{},"metadata":{"operationMetadataId":"0d683629-e1da-4246-9790-0060c91cab77"},"type":"OpenApiConnection","inputs":{"host":{"apiId":"/providers/Microsoft.PowerApps/apis/shared_sharepointonline","connectionName":"shared_sharepointonline","operationId":"PatchItem"},"parameters":{"dataset":"https://induslaw2.sharepoint.com/sites/IndusLawITHelpdeskTool","table":"aee1021a-8a14-45e0-b52b-eed124dca0f9","id":"@items('Apply_to_each_for_other_response')?['ID']","item/VoucherStatus/Value":"Pending for Partner","item/AccountsTeamApproval/Value":"Pending","item/AccTeamApprovalSent":false,"item/AccountsManagerApproval/Value":"Pending","item/AccManagApprovalSent":false,"item/CFOApprovalSent":false,"item/DharmeshApproval/Value":"Pending","item/CEOApprovalSent":false,"item/Jay_x0028_CEO_x0029_Approval/Value":"Pending","item/Status/Value":"Pending","item/ApprovalID":"@outputs('Create_an_approval_5')?['body/name']","item/EmailTime":"@outputs('Create_an_approval_5')?['body/requestDate']","item/MessageID":"@items('Apply_to_each_6')?['id']","item/IsActive":true,"item/IsUpdatedFromUI/Value":"No","item/SenttoZoho":false,"item/Logged":false,"item/CurrentStage":1},"authentication":"@parameters('$authentication')"}}},"runAfter":{"Get_emails_(V3)_5":["Succeeded"]},"metadata":{"operationMetadataId":"fd6051c4-18b0-4c94-948a-ac5ebb6479b8"},"type":"Foreach"},"Update_item_48":{"runAfter":{"Create_an_approval_5":["Succeeded"]},"metadata":{"operationMetadataId":"e4c472f0-3ecd-422d-a781-f74ac4c574ae"},"type":"OpenApiConnection","inputs":{"host":{"apiId":"/providers/Microsoft.PowerApps/apis/shared_sharepointonline","connectionName":"shared_sharepointonline","operationId":"PatchItem"},"parameters":{"dataset":"https://induslaw2.sharepoint.com/sites/IndusLawITHelpdeskTool","table":"aee1021a-8a14-45e0-b52b-eed124dca0f9","id":"@items('Apply_to_each_for_other_response')?['ID']","item/VoucherStatus/Value":"Pending for Partner","item/AccountsTeamApproval/Value":"Pending","item/AccTeamApprovalSent":false,"item/AccountsManagerApproval/Value":"Pending","item/AccManagApprovalSent":false,"item/CFOApprovalSent":false,"item/DharmeshApproval/Value":"Pending","item/CEOApprovalSent":false,"item/Jay_x0028_CEO_x0029_Approval/Value":"Pending","item/Status/Value":"Pending","item/ApprovalID":"@outputs('Create_an_approval_5')?['body/name']","item/EmailTime":"@outputs('Create_an_approval_5')?['body/requestDate']","item/SomeoneisEditing":false,"item/IsActive":true,"item/ModifiedAfterApproved":false,"item/IsUpdatedFromUI/Value":"No","item/SenttoZoho":false,"item/Logged":false,"item/CurrentStage":1},"authentication":"@parameters('$authentication')"}}}},"Case_3":{"case":"Re-Submit","actions":{"Send_an_email_(V2)_2":{"runAfter":{},"metadata":{"operationMetadataId":"90b81528-851b-4b61-a227-592a42d4c3d1"},"type":"OpenApiConnection","inputs":{"host":{"apiId":"/providers/Microsoft.PowerApps/apis/shared_office365","connectionName":"shared_office365","operationId":"SendEmailV2"},"parameters":{"emailMessage/To":"@items('Apply_to_each_for_other_response')?['PreparedBy/Email']","emailMessage/Subject":"Invoice approval request","emailMessage/Body":"<p>Hi,<br>\n<br>\nAccount manager has rejected your invoice<br>\n<br>\nPlease review and submit again<br>\n<br>\nRegards,<br>\nAccounts Team</p>","emailMessage/From":"induslawaccountspayableshared@cms-induslaw.com","emailMessage/Importance":"Normal"},"authentication":"@parameters('$authentication')"}},"Update_item_32":{"runAfter":{"Send_an_email_(V2)_2":["Succeeded"]},"metadata":{"operationMetadataId":"548f1680-6e75-4836-bbc3-f4c4d1409a68"},"type":"OpenApiConnection","inputs":{"host":{"apiId":"/providers/Microsoft.PowerApps/apis/shared_sharepointonline","connectionName":"shared_sharepointonline","operationId":"PatchItem"},"parameters":{"dataset":"https://induslaw2.sharepoint.com/sites/IndusLawITHelpdeskTool","table":"aee1021a-8a14-45e0-b52b-eed124dca0f9","id":"@items('Apply_to_each_for_other_response')?['ID']","item/VoucherStatus/Value":"Re-Submit","item/AccountsTeamApproval/Value":"Pending","item/AccTeamApprovalSent":false,"item/AccountsManagerApproval/Value":"Pending","item/AccManagApprovalSent":false,"item/CFOApprovalSent":false,"item/DharmeshApproval/Value":"Pending","item/CEOApprovalSent":false,"item/Jay_x0028_CEO_x0029_Approval/Value":"Pending","item/Status/Value":"Pending","item/IsActive":false,"item/IsUpdatedFromUI/Value":"No","item/SenttoZoho":false,"item/Logged":false,"item/CurrentStage":1},"authentication":"@parameters('$authentication')"}}}}},"default":{"actions":{}},"expression":"@triggerOutputs()?['body/msdyn_flow_approval_result']","metadata":{"operationMetadataId":"d206ab16-9954-4fac-b1c7-60ac9a92b2a8"},"type":"Switch"}}},"Pending_for_Accounts_Team":{"case":"Pending for Account Teams","actions":{"Switch_for_Accounts_Team":{"runAfter":{},"cases":{"Case":{"case":"Send back to Partner","actions":{"Update_item_2":{"runAfter":{},"metadata":{"operationMetadataId":"d5d097dd-5b79-4ea5-8b39-f319318340e1"},"type":"OpenApiConnection","inputs":{"host":{"apiId":"/providers/Microsoft.PowerApps/apis/shared_sharepointonline","connectionName":"shared_sharepointonline","operationId":"PatchItem"},"parameters":{"dataset":"https://induslaw2.sharepoint.com/sites/IndusLawITHelpdeskTool","table":"aee1021a-8a14-45e0-b52b-eed124dca0f9","id":"@items('Apply_to_each_for_other_response')?['ID']","item/VoucherStatus/Value":"Pending for Partner","item/AccountsTeamApproval/Value":"Pending","item/AccTeamApprovalSent":false,"item/AccountsManagerApproval/Value":"Pending","item/AccManagApprovalSent":false,"item/CFOApprovalSent":false,"item/DharmeshApproval/Value":"Pending","item/CEOApprovalSent":false,"item/Jay_x0028_CEO_x0029_Approval/Value":"Pending","item/Status/Value":"Pending","item/IsActive":false,"item/IsUpdatedFromUI/Value":"No","item/SenttoZoho":false,"item/Logged":false,"item/CurrentStage":1},"authentication":"@parameters('$authentication')"}},"Create_an_approval":{"runAfter":{"Update_item_2":["Succeeded"]},"metadata":{"operationMetadataId":"3ddfaa16-4f71-483e-bd3a-37c5304087cb"},"type":"OpenApiConnection","inputs":{"host":{"apiId":"/providers/Microsoft.PowerApps/apis/shared_approvals","connectionName":"shared_approvals","operationId":"CreateAnApproval"},"parameters":{"approvalType":"CustomResponse","ApprovalCreationInput/responseOptions":["Approve","Re-Submit"],"ApprovalCreationInput/title":"Payment/Reimbursement request Approval – @{items('Apply_to_each_for_other_response')?['Payee_Name']} – @{items('Apply_to_each_for_other_response')?['S_x002e_No_x002e_']}","ApprovalCreationInput/assignedTo":"prince.panchal@cms-induslaw.com;  rashmi.harish@cms-induslaw.com;  manjunath.r@cms-induslaw.com","ApprovalCreationInput/details":"Hi Partner,\n\nTeam has send back this voucher.\n\nKindly review and respond at your earliest convenience.\n\nThank you for your prompt attention.\n\nBest regards,\nIndusLaw Accounts Payable","ApprovalCreationInput/enableNotifications":true,"ApprovalCreationInput/enableReassignment":true},"authentication":"@parameters('$authentication')"}},"Delay":{"runAfter":{"Update_item_49":["Succeeded"]},"metadata":{"operationMetadataId":"b4fbf079-8533-4933-8b8d-54eba09b58a0"},"type":"Wait","inputs":{"interval":{"count":10,"unit":"Second"}}},"Get_emails_(V3)":{"runAfter":{"Delay":["Succeeded"]},"metadata":{"operationMetadataId":"4c4e8aa9-a5ff-41a3-a75c-5c32ac74b709"},"type":"OpenApiConnection","inputs":{"host":{"apiId":"/providers/Microsoft.PowerApps/apis/shared_office365","connectionName":"shared_office365","operationId":"GetEmailsV3"},"parameters":{"folderPath":"Inbox","to":"prince.panchal@cms-induslaw.com","from":"flow-noreply@microsoft.com","fetchOnlyUnread":false,"includeAttachments":false,"searchQuery":"Approvals","top":1,"importance":"Any","fetchOnlyWithAttachment":false},"authentication":"@parameters('$authentication')"}},"Apply_to_each_5":{"foreach":"@outputs('Get_emails_(V3)')?['body/value']","actions":{"Update_item_9":{"runAfter":{},"metadata":{"operationMetadataId":"d71a43ef-189d-4df0-b5a0-70dc0a667e00"},"type":"OpenApiConnection","inputs":{"host":{"apiId":"/providers/Microsoft.PowerApps/apis/shared_sharepointonline","connectionName":"shared_sharepointonline","operationId":"PatchItem"},"parameters":{"dataset":"https://induslaw2.sharepoint.com/sites/IndusLawITHelpdeskTool","table":"aee1021a-8a14-45e0-b52b-eed124dca0f9","id":"@items('Apply_to_each_for_other_response')?['ID']","item/VoucherStatus/Value":"Pending for Partner","item/AccountsTeamApproval/Value":"Pending","item/AccTeamApprovalSent":false,"item/AccountsManagerApproval/Value":"Pending","item/AccManagApprovalSent":false,"item/CFOApprovalSent":false,"item/DharmeshApproval/Value":"Pending","item/CEOApprovalSent":false,"item/Jay_x0028_CEO_x0029_Approval/Value":"Pending","item/Status/Value":"Pending","item/ApprovalID":"@outputs('Create_an_approval')?['body/name']","item/EmailTime":"@outputs('Create_an_approval')?['body/requestDate']","item/MessageID":"@items('Apply_to_each_5')?['id']","item/IsActive":true,"item/IsUpdatedFromUI/Value":"No","item/SenttoZoho":false,"item/Logged":false,"item/CurrentStage":1},"authentication":"@parameters('$authentication')"}}},"runAfter":{"Get_emails_(V3)":["Succeeded"]},"metadata":{"operationMetadataId":"6fc981d5-e1bc-4c76-afbc-27a3e1bde98f"},"type":"Foreach"},"Update_item_49":{"runAfter":{"Create_an_approval":["Succeeded"]},"metadata":{"operationMetadataId":"2fb5b598-9e76-4422-a67e-6155c14fa284"},"type":"OpenApiConnection","inputs":{"host":{"apiId":"/providers/Microsoft.PowerApps/apis/shared_sharepointonline","connectionName":"shared_sharepointonline","operationId":"PatchItem"},"parameters":{"dataset":"https://induslaw2.sharepoint.com/sites/IndusLawITHelpdeskTool","table":"aee1021a-8a14-45e0-b52b-eed124dca0f9","id":"@items('Apply_to_each_for_other_response')?['ID']","item/VoucherStatus/Value":"Pending for Partner","item/AccountsTeamApproval/Value":"Pending","item/AccTeamApprovalSent":false,"item/AccountsManagerApproval/Value":"Pending","item/AccManagApprovalSent":false,"item/CFOApprovalSent":false,"item/DharmeshApproval/Value":"Pending","item/CEOApprovalSent":false,"item/Jay_x0028_CEO_x0029_Approval/Value":"Pending","item/Status/Value":"Pending","item/ApprovalID":"@outputs('Create_an_approval')?['body/name']","item/EmailTime":"@outputs('Create_an_approval')?['body/requestDate']","item/SomeoneisEditing":false,"item/IsActive":true,"item/ModifiedAfterApproved":false,"item/IsUpdatedFromUI/Value":"No","item/SenttoZoho":false,"item/Logged":false,"item/CurrentStage":1},"authentication":"@parameters('$authentication')"}}}},"Case_2":{"case":"Re-Submit","actions":{"Send_an_email_(V2)":{"runAfter":{},"metadata":{"operationMetadataId":"ea5aa9bc-c824-4f6d-be3b-1acbbdb5a8fa"},"type":"OpenApiConnection","inputs":{"host":{"apiId":"/providers/Microsoft.PowerApps/apis/shared_office365","connectionName":"shared_office365","operationId":"SendEmailV2"},"parameters":{"emailMessage/To":"@items('Apply_to_each_for_other_response')?['PreparedBy/Email']","emailMessage/Subject":"Invoice approval request","emailMessage/Body":"<p>Hi,<br>\n<br>\nAccount Team has rejected your invoice<br>\n<br>\nPlease review and submit again<br>\n<br>\nRegards,<br>\nAccounts Team</p>","emailMessage/From":"induslawaccountspayableshared@cms-induslaw.com","emailMessage/Importance":"Normal"},"authentication":"@parameters('$authentication')"}},"Update_item_31":{"runAfter":{"Send_an_email_(V2)":["Succeeded"]},"metadata":{"operationMetadataId":"11b0d286-5d92-4235-a829-eb81d8cf44df"},"type":"OpenApiConnection","inputs":{"host":{"apiId":"/providers/Microsoft.PowerApps/apis/shared_sharepointonline","connectionName":"shared_sharepointonline","operationId":"PatchItem"},"parameters":{"dataset":"https://induslaw2.sharepoint.com/sites/IndusLawITHelpdeskTool","table":"aee1021a-8a14-45e0-b52b-eed124dca0f9","id":"@items('Apply_to_each_for_other_response')?['ID']","item/VoucherStatus/Value":"Re-Submit","item/AccountsTeamApproval/Value":"Pending","item/AccTeamApprovalSent":false,"item/AccountsManagerApproval/Value":"Pending","item/AccManagApprovalSent":false,"item/CFOApprovalSent":false,"item/DharmeshApproval/Value":"Pending","item/CEOApprovalSent":false,"item/Jay_x0028_CEO_x0029_Approval/Value":"Pending","item/Status/Value":"Pending","item/IsActive":false,"item/IsUpdatedFromUI/Value":"No","item/SenttoZoho":false,"item/Logged":false,"item/CurrentStage":1},"authentication":"@parameters('$authentication')"}}}}},"default":{"actions":{}},"expression":"@triggerOutputs()?['body/msdyn_flow_approval_result']","metadata":{"operationMetadataId":"e6d9fbe8-a402-48bf-bd73-26de3f2228d0"},"type":"Switch"}}},"Case":{"case":"Pending for Partner","actions":{"Switch_5":{"runAfter":{},"cases":{"Case":{"case":"Re-Submit","actions":{"Send_an_email_(V2)_5":{"runAfter":{},"metadata":{"operationMetadataId":"5dd22a21-e4a5-4b6b-9946-4b8a8683e6c6"},"type":"OpenApiConnection","inputs":{"host":{"apiId":"/providers/Microsoft.PowerApps/apis/shared_office365","connectionName":"shared_office365","operationId":"SendEmailV2"},"parameters":{"emailMessage/To":"@items('Apply_to_each_for_other_response')?['PreparedBy/Email']","emailMessage/Subject":"Invoice approval request","emailMessage/Body":"<p>Hi,<br>\n<br>\nAccount Team has rejected your invoice<br>\n<br>\nPlease review and submit again<br>\n<br>\nRegards,<br>\nAccounts Team</p>","emailMessage/From":"induslawaccountspayableshared@cms-induslaw.com","emailMessage/Importance":"Normal"},"authentication":"@parameters('$authentication')"}},"Update_item_34":{"runAfter":{"Send_an_email_(V2)_5":["Succeeded"]},"metadata":{"operationMetadataId":"a4306dc0-0493-4d03-816a-3dac555c1da4"},"type":"OpenApiConnection","inputs":{"host":{"apiId":"/providers/Microsoft.PowerApps/apis/shared_sharepointonline","connectionName":"shared_sharepointonline","operationId":"PatchItem"},"parameters":{"dataset":"https://induslaw2.sharepoint.com/sites/IndusLawITHelpdeskTool","table":"aee1021a-8a14-45e0-b52b-eed124dca0f9","id":"@items('Apply_to_each_for_other_response')?['ID']","item/VoucherStatus/Value":"Re-Submit","item/AccountsTeamApproval/Value":"Pending","item/AccTeamApprovalSent":false,"item/AccountsManagerApproval/Value":"Pending","item/AccManagApprovalSent":false,"item/CFOApprovalSent":false,"item/DharmeshApproval/Value":"Pending","item/CEOApprovalSent":false,"item/Jay_x0028_CEO_x0029_Approval/Value":"Pending","item/Status/Value":"Pending","item/IsActive":false,"item/IsUpdatedFromUI/Value":"No","item/SenttoZoho":false,"item/Logged":false,"item/CurrentStage":1},"authentication":"@parameters('$authentication')"}}}}},"default":{"actions":{}},"expression":"@triggerOutputs()?['body/msdyn_flow_approval_result']","metadata":{"operationMetadataId":"c2715742-5c4a-4a21-9158-77081b549498"},"type":"Switch"}}}},"default":{"actions":{}},"expression":"@items('Apply_to_each_for_other_response')?['VoucherStatus/Value']","metadata":{"operationMetadataId":"9fc73578-ba26-4db1-98fb-c6d964eccda2"},"type":"Switch"}},"runAfter":{},"metadata":{"operationMetadataId":"4bcf1044-b3b5-4fa5-a45e-f4942a6ee02e"},"type":"Foreach"}}},"expression":{"equals":["@triggerOutputs()?['body/msdyn_flow_approval_result']","Approve"]},"metadata":{"operationMetadataId":"75c7f3b0-8037-4711-9a60-b099c7f886cf"},"type":"If"},"Apply_to_each_15":{"foreach":"@outputs('Get_items')?['body/value']","actions":{"Update_item_35":{"runAfter":{},"metadata":{"operationMetadataId":"7b7af61d-4384-47c5-b7d9-63a257e749af"},"type":"OpenApiConnection","inputs":{"host":{"apiId":"/providers/Microsoft.PowerApps/apis/shared_sharepointonline","connectionName":"shared_sharepointonline","operationId":"PatchItem"},"parameters":{"dataset":"https://induslaw2.sharepoint.com/sites/IndusLawITHelpdeskTool","table":"aee1021a-8a14-45e0-b52b-eed124dca0f9","id":"@items('Apply_to_each_15')?['ID']","item/SomeoneisEditing":false},"authentication":"@parameters('$authentication')"}}},"runAfter":{"Condition":["Succeeded"]},"metadata":{"operationMetadataId":"684f1df7-ed64-488d-8e93-029853aea7c9"},"type":"Foreach"}},"runAfter":{"Compose":["Succeeded"]},"metadata":{"operationMetadataId":"58e6806a-b5c1-46d6-8659-007400e2ae00"},"type":"Scope"},"Catch":{"actions":{"Filter_array":{"runAfter":{},"metadata":{"operationMetadataId":"c7f5da3d-99ea-49d6-9e84-99360313519c"},"type":"Query","inputs":{"from":"@result('Try')","where":"@equals(item()?['Status'], 'Failed')"}},"Create_HTML_table":{"runAfter":{"Filter_array":["Succeeded"]},"metadata":{"operationMetadataId":"c063cdf5-b16b-4397-b02c-b2acc78749cf"},"type":"Table","inputs":{"from":"@body('Filter_array')","format":"HTML","columns":[{"header":"Action","value":"@item()?['name']"},{"header":"Status","value":"@item()?['Status']"},{"header":"ErrorMessage","value":"@item()?['error']?['message']"}]}},"Apply_to_each_16":{"foreach":"@outputs('Get_items')?['body/value']","actions":{"Send_an_email_(V2)_6":{"runAfter":{},"metadata":{"operationMetadataId":"4fdc0817-d3c0-4bcd-80d1-029da78bc039"},"type":"OpenApiConnection","inputs":{"host":{"apiId":"/providers/Microsoft.PowerApps/apis/shared_office365","connectionName":"shared_office365","operationId":"SendEmailV2"},"parameters":{"emailMessage/To":"prince.panchal@cms-induslaw.com","emailMessage/Subject":"Error in \"Invoice Approval Workflow\" for @{items('Apply_to_each_16')?['S_x002e_No_x002e_']}","emailMessage/Body":"<style>\ntable,td,th{\nborder:1px solid #ddd;\ntext-align:left;}\n\ntable{\nborder-collapse:collapse;\nwidth:100%;}\n\nth,td{\npadding:15px;}\n\n</style>\n<p>@{body('Create_HTML_table')}</p>\n\n<a href='@{concat('https://make.powerautomate.com/environments/' ,workflow()?['tags']['environmentName'],'/flows/',workflow()?['name'],'/runs/',workflow()?['run']['name'])}'> Check flow run </a>","emailMessage/Importance":"Normal"},"authentication":"@parameters('$authentication')"}}},"runAfter":{"Create_HTML_table":["Succeeded"]},"metadata":{"operationMetadataId":"79e86d04-d1ba-4a88-9650-db531de58956"},"type":"Foreach"},"Terminate":{"runAfter":{"Apply_to_each_16":["Succeeded"]},"metadata":{"operationMetadataId":"5a397dc8-c6f1-4ea2-a59f-0b6d624b45c8"},"type":"Terminate","inputs":{"runStatus":"Failed"}}},"runAfter":{"Try":["Failed"]},"metadata":{"operationMetadataId":"83d664f6-fb7f-4037-bc85-e2ba9faed2ac"},"type":"Scope"}}},"connectionReferences":{"shared_sharepointonline":{"connectionName":"fe226b5b06fe4eadaa0364430543106d","source":"Embedded","id":"/providers/Microsoft.PowerApps/apis/shared_sharepointonline","tier":"NotSpecified","apiName":"sharepointonline","isProcessSimpleApiReferenceConversionAlreadyDone":false},"shared_approvals":{"connectionName":"0a5c8bfce53445acbf3876d063f00b4d","source":"Embedded","id":"/providers/Microsoft.PowerApps/apis/shared_approvals","tier":"NotSpecified","apiName":"approvals","isProcessSimpleApiReferenceConversionAlreadyDone":false},"shared_office365":{"connectionName":"c9c4789f8875487b8c0d3e622a96aa0c","source":"Embedded","id":"/providers/Microsoft.PowerApps/apis/shared_office365","tier":"NotSpecified","apiName":"office365","isProcessSimpleApiReferenceConversionAlreadyDone":false},"shared_commondataserviceforapps":{"connectionName":"131d72a825df425abfa9f3f2e65bff5b","source":"Embedded","id":"/providers/Microsoft.PowerApps/apis/shared_commondataserviceforapps","tier":"NotSpecified","apiName":"commondataserviceforapps","isProcessSimpleApiReferenceConversionAlreadyDone":false}},"flowFailureAlertSubscribed":false,"isManaged":false}}