{"name":"fdd868e1-a064-4641-9426-94974ae38175","id":"/providers/Microsoft.Flow/flows/fdd868e1-a064-4641-9426-94974ae38175","type":"Microsoft.Flow/flows","properties":{"apiId":"/providers/Microsoft.PowerApps/apis/shared_logicflows","displayName":"ZTOPA_2","definition":{"metadata":{"workflowEntityId":null,"processAdvisorMetadata":null,"flowChargedByPaygo":null,"flowclientsuspensionreason":"None","flowclientsuspensiontime":null,"flowclientsuspensionreasondetails":null,"creator":{"id":"5373e8b1-b0e2-4508-a0ef-667b6f261605","type":"User","tenantId":"fbb6f8eb-6233-4b2e-9ac3-bcad8d47ffda"},"provisioningMethod":"FromDefinition","failureAlertSubscription":true,"clientLastModifiedTime":"2025-09-02T09:23:26.5534247Z","connectionKeySavedTimeKey":"2025-09-12T05:53:02.9176917Z","creationSource":null,"modifiedSources":"Portal"},"$schema":"https://schema.management.azure.com/providers/Microsoft.Logic/schemas/2016-06-01/workflowdefinition.json#","contentVersion":"undefined","parameters":{"$connections":{"defaultValue":{},"type":"Object"},"$authentication":{"defaultValue":{},"type":"SecureObject"}},"triggers":{"manual":{"metadata":{"operationMetadataId":"9a5ee37a-c942-41d7-a820-11d27c3a4d91"},"type":"Request","kind":"Http","inputs":{"schema":{"type":"object","properties":{"bill_id":{"type":"string"},"status":{"type":"string"}}},"triggerAuthenticationType":"All"}}},"actions":{"Condition":{"actions":{"Get_items":{"runAfter":{},"metadata":{"operationMetadataId":"df0162b4-f567-49f0-9366-f0fcb3fda338"},"type":"OpenApiConnection","inputs":{"host":{"apiId":"/providers/Microsoft.PowerApps/apis/shared_sharepointonline","connectionName":"shared_sharepointonline","operationId":"GetItems"},"parameters":{"dataset":"https://induslaw2.sharepoint.com/sites/IndusLawITHelpdeskTool","table":"aee1021a-8a14-45e0-b52b-eed124dca0f9","$filter":"S_x002e_No_x002e_ eq '@{triggerBody()?['bill_id']}'"},"authentication":"@parameters('$authentication')"}},"Condition_1":{"actions":{"For_each":{"foreach":"@outputs('Get_items')?['body/value']","actions":{"Update_item_1":{"runAfter":{},"metadata":{"operationMetadataId":"c617e1c8-4c89-4555-af41-f4a6e3ae8a85"},"type":"OpenApiConnection","inputs":{"host":{"apiId":"/providers/Microsoft.PowerApps/apis/shared_sharepointonline","connectionName":"shared_sharepointonline","operationId":"PatchItem"},"parameters":{"dataset":"https://induslaw2.sharepoint.com/sites/IndusLawITHelpdeskTool","table":"aee1021a-8a14-45e0-b52b-eed124dca0f9","id":"@items('For_each')?['ID']","item/VoucherStatus/Value":"Approved"},"authentication":"@parameters('$authentication')"}}},"runAfter":{},"metadata":{"operationMetadataId":"d3cffddd-fad2-4f30-b682-901566939dfb"},"type":"Foreach"}},"runAfter":{"Get_items":["Succeeded"]},"else":{"actions":{"Send_an_email_notification_(V3)":{"runAfter":{},"metadata":{"operationMetadataId":"76e212e2-f096-4d04-802e-0b0b5b5745c8"},"type":"OpenApiConnection","inputs":{"host":{"apiId":"/providers/Microsoft.PowerApps/apis/shared_sendmail","connectionName":"shared_sendmail","operationId":"SendEmailV3"},"parameters":{"request/to":"test.user@indusla","request/subject":"Failure to find Bill Id","request/text":"<p class=\"editor-paragraph\">Failure to find Bill Id</p>"},"authentication":"@parameters('$authentication')"}}}},"expression":{"and":[{"greater":["@length(outputs('Get_items')?['body/value'])",0]}]},"metadata":{"operationMetadataId":"d416e2f4-e821-46ac-9df3-b6eb89de9877"},"type":"If"}},"runAfter":{},"else":{"actions":{"Send_an_email_notification_(V3)_1":{"runAfter":{},"metadata":{"operationMetadataId":"07e892d0-1b83-4a55-b262-e6251fe32cf7"},"type":"OpenApiConnection","inputs":{"host":{"apiId":"/providers/Microsoft.PowerApps/apis/shared_sendmail","connectionName":"shared_sendmail-1","operationId":"SendEmailV3"},"parameters":{"request/to":"test.user@induslaw.com","request/subject":"Auth Failure","request/text":"<p class=\"editor-paragraph\">Auth Failure</p>"},"authentication":"@parameters('$authentication')"}}}},"expression":{"and":[{"equals":["@triggerOutputs()?['headers']['x-api-token']","9ff91f0f05cb7a29678fc2fe1807241b885f0d1a3deaad1b963a42569085587df0f5403697eebcf81de4ebbbc298f745c99f43374450922ac24dbf7ef5120b8b"]}]},"metadata":{"operationMetadataId":"3abc0631-e815-45ea-b482-e520a8d1cdbb"},"type":"If"}}},"connectionReferences":{"shared_sharepointonline":{"connectionName":"fe226b5b06fe4eadaa0364430543106d","source":"Embedded","id":"/providers/Microsoft.PowerApps/apis/shared_sharepointonline","tier":"NotSpecified","apiName":"sharepointonline","isProcessSimpleApiReferenceConversionAlreadyDone":false},"shared_sendmail":{"connectionName":"shared-sendmail-42d6bbca-16b0-4ac7-91ae-860a8b7cc3ad","source":"Embedded","id":"/providers/Microsoft.PowerApps/apis/shared_sendmail","tier":"NotSpecified","apiName":"sendmail","isProcessSimpleApiReferenceConversionAlreadyDone":false},"shared_sendmail-1":{"connectionName":"shared-sendmail-4a9bedce-7ff3-4fa4-bc13-2241e0116c2f","source":"Embedded","id":"/providers/Microsoft.PowerApps/apis/shared_sendmail","tier":"NotSpecified","apiName":"sendmail","isProcessSimpleApiReferenceConversionAlreadyDone":false}},"flowFailureAlertSubscribed":false,"isManaged":false}}