{"name":"30af76ea-6f51-444f-98db-0580321c80ea","id":"/providers/Microsoft.Flow/flows/30af76ea-6f51-444f-98db-0580321c80ea","type":"Microsoft.Flow/flows","properties":{"apiId":"/providers/Microsoft.PowerApps/apis/shared_logicflows","displayName":"WeeklyPendingRemiderLive","definition":{"metadata":{"workflowEntityId":null,"processAdvisorMetadata":null,"flowChargedByPaygo":null,"flowclientsuspensionreason":"None","flowclientsuspensiontime":null,"flowclientsuspensionreasondetails":null,"creator":{"id":"5373e8b1-b0e2-4508-a0ef-667b6f261605","type":"User","tenantId":"fbb6f8eb-6233-4b2e-9ac3-bcad8d47ffda"},"provisioningMethod":"FromDefinition","failureAlertSubscription":true,"clientLastModifiedTime":"2025-09-18T04:32:00.9088076Z","connectionKeySavedTimeKey":"2025-09-18T04:32:00.9088076Z","creationSource":null},"$schema":"https://schema.management.azure.com/providers/Microsoft.Logic/schemas/2016-06-01/workflowdefinition.json#","contentVersion":"1.0.0.0","parameters":{"$connections":{"defaultValue":{},"type":"Object"},"$authentication":{"defaultValue":{},"type":"SecureObject"}},"triggers":{"Recurrence":{"recurrence":{"frequency":"Week","interval":1,"startTime":"2025-07-29T04:30:00.000Z","schedule":{"weekDays":["Friday"]}},"metadata":{"operationMetadataId":"f08687e3-cd10-41f9-97af-9c5938e4c1a4"},"type":"Recurrence"}},"actions":{"Get_items":{"runAfter":{},"metadata":{"operationMetadataId":"ec3642bc-a3de-4321-b18e-5242dcc36c12"},"type":"OpenApiConnection","inputs":{"host":{"apiId":"/providers/Microsoft.PowerApps/apis/shared_sharepointonline","connectionName":"shared_sharepointonline","operationId":"GetItems"},"parameters":{"dataset":"https://induslaw2.sharepoint.com/sites/IndusLawITHelpdeskTool","table":"aee1021a-8a14-45e0-b52b-eed124dca0f9","$filter":"IsActive eq 1"},"authentication":"@parameters('$authentication')"}},"Apply_to_each":{"foreach":"@outputs('Get_items')?['body/value']","actions":{"Switch":{"runAfter":{},"cases":{"Case":{"case":"Pending for CFO","actions":{"Filter_array_CFO":{"runAfter":{},"metadata":{"operationMetadataId":"1920cc89-f000-4a0c-9886-641cf0778bb6"},"type":"Query","inputs":{"from":"@outputs('Get_items')?['body/value']","where":"@equals(item()?['CFO']?['Email'], items('Apply_to_each')?['CFO/Email'])"}},"Condition_3":{"actions":{"Reply_to_email_(V3)":{"runAfter":{},"metadata":{"operationMetadataId":"ed72d294-348b-4f48-972b-21d85e4ff5c7"},"type":"OpenApiConnection","inputs":{"host":{"apiId":"/providers/Microsoft.PowerApps/apis/shared_office365","connectionName":"shared_office365","operationId":"ReplyToV3"},"parameters":{"messageId":"@items('Apply_to_each')?['MessageID']","replyParameters/Body":"<p>Dear Dharmesh N Thakkar,<br>\n<br>\nThis request is still pending your approval. Kindly review and respond at your earliest convenience.<br>\n<br>\nThank you for your prompt attention.<br>\n<br>\nBest regards,<br>\nIndusLaw Accounts Payable</p>","mailboxAddress":"induslawaccountspayableshared@cms-induslaw.com;","replyParameters/To":"prince.panchal@cms-induslaw.com"},"authentication":"@parameters('$authentication')"}}},"runAfter":{"Filter_array_CFO":["Succeeded"]},"else":{"actions":{"Filter_array":{"runAfter":{},"metadata":{"operationMetadataId":"c918aedf-bfd6-48e7-9006-b1cbcd9940eb"},"type":"Query","inputs":{"from":"@body('Filter_array_CFO')","where":"@greater(addDays(items('Apply_to_each')?['EmailTime'], 4), variables('UTCNow'))"}},"Append_to_string_variable_CFO":{"runAfter":{"Filter_array":["Succeeded"]},"metadata":{"operationMetadataId":"5cadebc2-f33d-4d82-ba66-816ad687d456"},"type":"AppendToStringVariable","inputs":{"name":"CFOEmailTable","value":"<tr>\n  <td style='padding:5px; font-size:10px;'> @{items('Apply_to_each')?['S_x002e_No_x002e_']}</td>\n  <td style='padding:5px; font-size:10px;'> @{items('Apply_to_each')?['Payee_Name']}</td>\n  <td style='padding:5px; font-size:10px;'>₹@{items('Apply_to_each')?['Amount']}</td>\n  <td style='padding:5px; font-size:10px;'> @{items('Apply_to_each')?['DateofVoucher']}</td>\n  <td style='padding:5px; font-size:10px;'> @{items('Apply_to_each')?['VoucherToBeApprovedBy/DisplayName']}</td>\n  <td style='padding:5px; font-size:10px;'>  Test</td>\n <td style='padding:5px; font-size:10px;'>  @{items('Apply_to_each')?['VoucherStatus/Value']}</td>\n</tr>\n"}}}},"expression":{"lessOrEquals":["@addDays(items('Apply_to_each')?['EmailTime'],4)","@variables('UTCNow')"]},"metadata":{"operationMetadataId":"bb66509b-2dc9-4fa4-ac6c-1cf967d001fc"},"type":"If"}}},"Case_2":{"case":"Pending for Account Teams","actions":{"Filter_array_AccTeam":{"runAfter":{},"metadata":{"operationMetadataId":"b0a50ea6-69ef-42cb-9081-cb426c60d019"},"type":"Query","inputs":{"from":"@outputs('Get_items')?['body/value']","where":"@equals(item()?['AccountUser']?['Email'], items('Apply_to_each')?['AccountUser/Email'])"}},"Condition_4":{"actions":{},"runAfter":{"Filter_array_AccTeam":["Succeeded"]},"else":{"actions":{"Filter_array_2":{"runAfter":{},"metadata":{"operationMetadataId":"de4ace99-a5bc-44ed-a524-61841b7dae65"},"type":"Query","inputs":{"from":"@body('Filter_array_AccTeam')","where":"@greater(addDays(items('Apply_to_each')?['EmailTime'], 4), variables('UTCNow'))"}},"Append_to_string_variable_AccTeam":{"runAfter":{"Filter_array_2":["Succeeded"]},"metadata":{"operationMetadataId":"e6d37eb5-013a-4703-bc7d-8d51aa4ea0f2"},"type":"AppendToStringVariable","inputs":{"name":"AccTeamEmailTable","value":"<tr>\n  <td style='padding:5px; font-size:10px;'> @{items('Apply_to_each')?['S_x002e_No_x002e_']}</td>\n  <td style='padding:5px; font-size:10px;'> @{items('Apply_to_each')?['Payee_Name']}</td>\n  <td style='padding:5px; font-size:10px;'>₹@{items('Apply_to_each')?['Amount']}</td>\n  <td style='padding:5px; font-size:10px;'> @{items('Apply_to_each')?['DateofVoucher']}</td>\n  <td style='padding:5px; font-size:10px;'> @{items('Apply_to_each')?['VoucherToBeApprovedBy/DisplayName']}</td>\n  <td style='padding:5px; font-size:10px;'> Test</td>\n <td style='padding:5px; font-size:10px;'>  @{items('Apply_to_each')?['VoucherStatus/Value']}</td>\n</tr>\n"}}}},"expression":{"lessOrEquals":["@addDays(items('Apply_to_each')?['EmailTime'],4)","@variables('UTCNow')"]},"metadata":{"operationMetadataId":"429716ef-0541-4090-b2ad-5c1ec9e0ffde"},"type":"If"}}},"Case_3":{"case":"Pending for Accounts Manager","actions":{"Filter_array_AccMan":{"runAfter":{},"metadata":{"operationMetadataId":"631c9a8a-d1d6-4092-bbd5-4dcc1beca446"},"type":"Query","inputs":{"from":"@outputs('Get_items')?['body/value']","where":"@equals(item()?['AccountManager']?['Email'], items('Apply_to_each')?['AccountManager/Email'])"}},"Condition_8":{"actions":{},"runAfter":{"Filter_array_AccMan":["Succeeded"]},"else":{"actions":{"Filter_array_3":{"runAfter":{},"metadata":{"operationMetadataId":"b4a5e026-1ea5-4c5c-8ddf-847eac299820"},"type":"Query","inputs":{"from":"@body('Filter_array_AccMan')","where":"@greater(addDays(items('Apply_to_each')?['EmailTime'], 4), variables('UTCNow'))"}},"Append_to_string_variable_AccMan":{"runAfter":{"Filter_array_3":["Succeeded"]},"metadata":{"operationMetadataId":"bbaf5e0e-c8cf-46e8-8d7f-6808c1299fc2"},"type":"AppendToStringVariable","inputs":{"name":"AccManEmailTable","value":"<tr>\n  <td style='padding:5px; font-size:10px;'> @{items('Apply_to_each')?['S_x002e_No_x002e_']}</td>\n  <td style='padding:5px; font-size:10px;'> @{items('Apply_to_each')?['Payee_Name']}</td>\n  <td style='padding:5px; font-size:10px;'>₹@{items('Apply_to_each')?['Amount']}</td>\n  <td style='padding:5px; font-size:10px;'> @{items('Apply_to_each')?['DateofVoucher']}</td>\n  <td style='padding:5px; font-size:10px;'> @{items('Apply_to_each')?['VoucherToBeApprovedBy/DisplayName']}</td>\n  <td style='padding:5px; font-size:10px;'> Test</td>\n <td style='padding:5px; font-size:10px;'>  @{items('Apply_to_each')?['VoucherStatus/Value']}</td>\n</tr>"}}}},"expression":{"lessOrEquals":["@addDays(items('Apply_to_each')?['EmailTime'],4)","@variables('UTCNow')"]},"metadata":{"operationMetadataId":"b6845e73-271d-4494-97aa-a221b0207d84"},"type":"If"}}},"Case_4":{"case":"Pending for CEO","actions":{"Filter_array_CEO":{"runAfter":{},"metadata":{"operationMetadataId":"f5a3e341-b9e9-42b1-9854-0b2c9423d331"},"type":"Query","inputs":{"from":"@outputs('Get_items')?['body/value']","where":"@equals(item()?['CEO']?['Email'], items('Apply_to_each')?['CEO/Email'])"}},"Condition_9":{"actions":{"Reply_to_email_(V3)_3":{"runAfter":{},"metadata":{"operationMetadataId":"4e939205-1df1-45c1-bc0f-44d3152a59e5"},"type":"OpenApiConnection","inputs":{"host":{"apiId":"/providers/Microsoft.PowerApps/apis/shared_office365","connectionName":"shared_office365","operationId":"ReplyToV3"},"parameters":{"messageId":"@items('Apply_to_each')?['MessageID']","replyParameters/Body":"<p>Dear Jayanarayanan N R ,<br>\n<br>\nThis request is still pending your approval. Kindly review and respond at your earliest convenience.<br>\n<br>\nThank you for your prompt attention.<br>\n<br>\nBest regards,<br>\nIndusLaw Accounts Payable</p>","mailboxAddress":"induslawaccountspayableshared@cms-induslaw.com;","replyParameters/To":"prince.panchal@cms-induslaw.com"},"authentication":"@parameters('$authentication')"}}},"runAfter":{"Filter_array_CEO":["Succeeded"]},"else":{"actions":{"Filter_array_4":{"runAfter":{},"metadata":{"operationMetadataId":"c7da2803-514f-4649-b43b-a8c555d53fba"},"type":"Query","inputs":{"from":"@body('Count_Filter_array_CEO')","where":"@greater(addDays(items('Apply_to_each')?['EmailTime'], 4), variables('UTCNow'))"}},"Append_to_string_variable_CEO":{"runAfter":{"Filter_array_4":["Succeeded"]},"metadata":{"operationMetadataId":"c6254dbc-27ac-4adb-a809-2adada81fe98"},"type":"AppendToStringVariable","inputs":{"name":"CFOEmailTable","value":"<tr>\n  <td style='padding:5px; font-size:10px;'> @{items('Apply_to_each')?['S_x002e_No_x002e_']}</td>\n  <td style='padding:5px; font-size:10px;'> @{items('Apply_to_each')?['Payee_Name']}</td>\n  <td style='padding:5px; font-size:10px;'>₹@{items('Apply_to_each')?['Amount']}</td>\n  <td style='padding:5px; font-size:10px;'> @{items('Apply_to_each')?['DateofVoucher']}</td>\n  <td style='padding:5px; font-size:10px;'> @{items('Apply_to_each')?['VoucherToBeApprovedBy/DisplayName']}</td>\n  <td style='padding:5px; font-size:10px;'> Test</td>\n <td style='padding:5px; font-size:10px;'>  @{items('Apply_to_each')?['VoucherStatus/Value']}</td>\n</tr>"}}}},"expression":{"lessOrEquals":["@addDays(items('Apply_to_each')?['EmailTime'],4)","@variables('UTCNow')"]},"metadata":{"operationMetadataId":"bea85f96-136e-42da-b300-682b02e7dce5"},"type":"If"}}},"Case_5":{"case":"Pending for Partner","actions":{"Filter_array_Partner":{"runAfter":{},"metadata":{"operationMetadataId":"758acc23-c2e8-4664-b2e1-6d1ee889f262"},"type":"Query","inputs":{"from":"@outputs('Get_items')?['body/value']","where":"@equals(item()?['PartnerName']?['Email'], items('Apply_to_each')?['PartnerName/Email'])"}},"Condition_10":{"actions":{"Reply_to_email_(V3)_4":{"runAfter":{},"metadata":{"operationMetadataId":"40c6853b-951c-4e84-8f57-8da14c5c6ce4"},"type":"OpenApiConnection","inputs":{"host":{"apiId":"/providers/Microsoft.PowerApps/apis/shared_office365","connectionName":"shared_office365","operationId":"ReplyToV3"},"parameters":{"messageId":"@items('Apply_to_each')?['MessageID']","replyParameters/Body":"<p>Dear @{items('Apply_to_each')?['VoucherToBeApprovedBy/DisplayName']},<br>\n<br>\nThis request is still pending your approval. Kindly review and respond at your earliest convenience.<br>\n<br>\nThank you for your prompt attention.<br>\n<br>\nBest regards,<br>\nIndusLaw Accounts Payable</p>","mailboxAddress":"induslawaccountspayableshared@cms-induslaw.com;","replyParameters/To":"prince.panchal@cms-induslaw.com"},"authentication":"@parameters('$authentication')"}}},"runAfter":{"Filter_array_Partner":["Succeeded"]},"else":{"actions":{"Filter_array_5":{"runAfter":{},"metadata":{"operationMetadataId":"37ff9682-a9a1-4e30-adf9-ba3f6b300d7a"},"type":"Query","inputs":{"from":"@body('Filter_array_Partner')","where":"@greater(addDays(items('Apply_to_each')?['EmailTime'], 4), variables('UTCNow'))"}},"Append_to_string_variable_Partner":{"runAfter":{"Filter_array_5":["Succeeded"]},"metadata":{"operationMetadataId":"ed66497c-2ea2-48b5-9aef-75599d291adc"},"type":"AppendToStringVariable","inputs":{"name":"PartnerEmailTable","value":"<tr>\n  <td style='padding:5px; font-size:10px;'> @{items('Apply_to_each')?['S_x002e_No_x002e_']}</td>\n  <td style='padding:5px; font-size:10px;'> @{items('Apply_to_each')?['Payee_Name']}</td>\n  <td style='padding:5px; font-size:10px;'>₹@{items('Apply_to_each')?['Amount']}</td>\n  <td style='padding:5px; font-size:10px;'> @{items('Apply_to_each')?['DateofVoucher']}</td>\n  <td style='padding:5px; font-size:10px;'> @{items('Apply_to_each')?['VoucherToBeApprovedBy/DisplayName']}</td>\n  <td style='padding:5px; font-size:10px;'> Test</td>\n <td style='padding:5px; font-size:10px;'>  @{items('Apply_to_each')?['VoucherStatus/Value']}</td>\n</tr>"}}}},"expression":{"lessOrEquals":["@addDays(items('Apply_to_each')?['EmailTime'],4)","@variables('UTCNow')"]},"metadata":{"operationMetadataId":"00f2bba0-c00d-43da-9cd2-5304a39685ea"},"type":"If"}}}},"default":{"actions":{}},"expression":"@items('Apply_to_each')?['VoucherStatus/Value']","metadata":{"operationMetadataId":"e7e655b1-9d66-46d2-b8ac-982219f5bc3b"},"type":"Switch"}},"runAfter":{"PartnerEmailTable":["Succeeded"]},"metadata":{"operationMetadataId":"332a5b31-6333-42db-854e-e2e8743cbe47"},"type":"Foreach"},"CFOEmailTable":{"runAfter":{"Count_Filter_array_Partner":["Succeeded"]},"metadata":{"operationMetadataId":"2f65adeb-c7b3-40a7-a5d6-39724b29e555"},"type":"InitializeVariable","inputs":{"variables":[{"name":"CFOEmailTable","type":"string","value":"<table border='1' style='width:100%; border-collapse:collapse;'>\n  <tr style='background:#afcbd5; font-weight:bold; font-size:12px;'>\n    <th>Voucher ID</th>\n    <th>Vendor</th>\n    <th>Amount</th>\n    <th>Date</th>\n    <th>Approved By</th>\n    <th>Remarks</th>\n    <th>Status</th>\n  </tr>"}]}},"Append_to_string_variable_CFO_Tab":{"runAfter":{"Apply_to_each":["Succeeded"]},"metadata":{"operationMetadataId":"15e3e489-b595-43ef-ade4-b04a17496dee"},"type":"AppendToStringVariable","inputs":{"name":"CFOEmailTable","value":" </table>"}},"AccTeamEmailTable":{"runAfter":{"CFOEmailTable":["Succeeded"]},"metadata":{"operationMetadataId":"91925690-8415-4795-9130-4863fd300452"},"type":"InitializeVariable","inputs":{"variables":[{"name":"AccTeamEmailTable","type":"string","value":"<table border='1' style='width:100%; border-collapse:collapse;'>\n  <tr style='background:#afcbd5; font-weight:bold; font-size:12px;'>\n    <th>Voucher ID</th>\n    <th>Vendor</th>\n    <th>Amount</th>\n    <th>Date</th>\n    <th>Approved By</th>\n    <th>Remarks</th>\n    <th>Status</th>\n  </tr>"}]}},"Condition":{"actions":{"Send_an_email_(V2)_2":{"runAfter":{},"metadata":{"operationMetadataId":"bd21b1b1-3aa1-4749-89d6-0a651bb259ea"},"type":"OpenApiConnection","inputs":{"host":{"apiId":"/providers/Microsoft.PowerApps/apis/shared_office365","connectionName":"shared_office365","operationId":"SendEmailV2"},"parameters":{"emailMessage/To":"prince.panchal@cms-induslaw.com","emailMessage/Subject":"Test for CFO","emailMessage/Body":"<p>Hi,<br>\nKindly review and take action on your pending approval at your earliest convenience.<br>\n<br>\n@{variables('CFOEmailTable')}</p>","emailMessage/From":"induslawaccountspayableshared@cms-induslaw.com","emailMessage/Importance":"Normal"},"authentication":"@parameters('$authentication')"}}},"runAfter":{"Append_to_string_variable_CFO_Tab":["Succeeded"]},"expression":{"greater":["@length(body('Count_Filter_array_CFO'))",0]},"metadata":{"operationMetadataId":"c012174d-4635-4459-9cc7-bb7fe1e98b20"},"type":"If"},"Count_Filter_array_CFO":{"runAfter":{"UTCNow":["Succeeded"]},"metadata":{"operationMetadataId":"db045632-87fc-47fa-a147-5d42e4078df9"},"type":"Query","inputs":{"from":"@outputs('Get_items')?['body/value']","where":"@equals(item()?['VoucherStatus']?['Value'], 'Pending for CFO')"}},"Count_Filter_array_AccTeam":{"runAfter":{"Count_Filter_array_CFO":["Succeeded"]},"metadata":{"operationMetadataId":"2dfa4a57-4828-44ee-becc-d3166b8f5f0a"},"type":"Query","inputs":{"from":"@outputs('Get_items')?['body/value']","where":"@equals(item()?['VoucherStatus']?['Value'], 'Pending for Account Teams')"}},"AccManEmailTable":{"runAfter":{"AccTeamEmailTable":["Succeeded"]},"metadata":{"operationMetadataId":"28693ca7-5e56-40a2-90a0-e7531785ab92"},"type":"InitializeVariable","inputs":{"variables":[{"name":"AccManEmailTable","type":"string","value":"<table border='1' style='width:100%; border-collapse:collapse;'>\n  <tr style='background:#afcbd5; font-weight:bold; font-size:12px;'>\n    <th>Voucher ID</th>\n    <th>Vendor</th>\n    <th>Amount</th>\n    <th>Date</th>\n    <th>Approved By</th>\n    <th>Remarks</th>\n    <th>Status</th>\n  </tr>"}]}},"Count_Filter_array_AccMan":{"runAfter":{"Count_Filter_array_AccTeam":["Succeeded"]},"metadata":{"operationMetadataId":"d4c33677-2d10-4426-a514-39571a9d5d66"},"type":"Query","inputs":{"from":"@outputs('Get_items')?['body/value']","where":"@equals(item()?['VoucherStatus']?['Value'], 'Pending for Accounts Manager')"}},"CEOEmailTable":{"runAfter":{"AccManEmailTable":["Succeeded"]},"metadata":{"operationMetadataId":"3c7421f5-e6db-40ce-a0fb-8c49aade6ca6"},"type":"InitializeVariable","inputs":{"variables":[{"name":"CEOEmailTable","type":"string","value":"<table border='1' style='width:100%; border-collapse:collapse;'>\n  <tr style='background:#afcbd5; font-weight:bold; font-size:12px;'>\n    <th>Voucher ID</th>\n    <th>Vendor</th>\n    <th>Amount</th>\n    <th>Date</th>\n    <th>Approved By</th>\n    <th>Remarks</th>\n    <th>Status</th>\n  </tr>"}]}},"PartnerEmailTable":{"runAfter":{"CEOEmailTable":["Succeeded"]},"metadata":{"operationMetadataId":"cdc3b5c0-c99e-41f4-bc25-d143138a8f70"},"type":"InitializeVariable","inputs":{"variables":[{"name":"PartnerEmailTable","type":"string","value":"<table border='1' style='width:100%; border-collapse:collapse;'>\n  <tr style='background:#afcbd5; font-weight:bold; font-size:12px;'>\n    <th>Voucher ID</th>\n    <th>Vendor</th>\n    <th>Amount</th>\n    <th>Date</th>\n    <th>Approved By</th>\n    <th>Remarks</th>\n    <th>Status</th>\n  </tr>"}]}},"Count_Filter_array_CEO":{"runAfter":{"Count_Filter_array_AccMan":["Succeeded"]},"metadata":{"operationMetadataId":"81ac753b-d5e0-44bf-9b9d-64e8b5e23956"},"type":"Query","inputs":{"from":"@outputs('Get_items')?['body/value']","where":"@equals(item()?['VoucherStatus']?['Value'], 'Pending for CEO')"}},"Append_to_string_variable_AccTeam_Tab":{"runAfter":{"Condition":["Succeeded"]},"metadata":{"operationMetadataId":"0c34f8d4-473f-4ab0-8950-9dcc09fb3b78"},"type":"AppendToStringVariable","inputs":{"name":"AccTeamEmailTable","value":"</table>"}},"Condition_5":{"actions":{"Send_an_email_(V2)_5":{"runAfter":{},"metadata":{"operationMetadataId":"a323f14b-1f96-4c8c-96d9-2380d3fce421"},"type":"OpenApiConnection","inputs":{"host":{"apiId":"/providers/Microsoft.PowerApps/apis/shared_office365","connectionName":"shared_office365","operationId":"SendEmailV2"},"parameters":{"emailMessage/To":"prince.panchal@cms-induslaw.com","emailMessage/Subject":"Test for Accounts","emailMessage/Body":"<p>Hi,<br>\nKindly review and take action on your pending approval at your earliest convenience.<br>\n<br>\n@{variables('AccTeamEmailTable')}</p>","emailMessage/From":"induslawaccountspayableshared@cms-induslaw.com","emailMessage/Importance":"Normal"},"authentication":"@parameters('$authentication')"}}},"runAfter":{"Append_to_string_variable_AccTeam_Tab":["Succeeded"]},"expression":{"greater":["@length(body('Count_Filter_array_AccTeam'))",0]},"metadata":{"operationMetadataId":"6aed9c66-c056-464e-9cce-2408361978ef"},"type":"If"},"Append_to_string_variable_AccMan_Tab":{"runAfter":{"Condition_5":["Succeeded"]},"metadata":{"operationMetadataId":"59c58313-99fd-49f2-88d3-c337c00c1c2b"},"type":"AppendToStringVariable","inputs":{"name":"AccManEmailTable","value":"</table>"}},"Condition_6":{"actions":{"Send_an_email_(V2)_6":{"runAfter":{},"metadata":{"operationMetadataId":"1d30960d-ba5c-4a6f-b423-34c5087faf46"},"type":"OpenApiConnection","inputs":{"host":{"apiId":"/providers/Microsoft.PowerApps/apis/shared_office365","connectionName":"shared_office365","operationId":"SendEmailV2"},"parameters":{"emailMessage/To":"prince.panchal@cms-induslaw.com","emailMessage/Subject":"Test for Accounts Manager","emailMessage/Body":"<p>Hi,<br>\nKindly review and take action on your pending approval at your earliest convenience.<br>\n<br>\n@{variables('AccManEmailTable')}</p>","emailMessage/From":"induslawaccountspayableshared@cms-induslaw.com","emailMessage/Importance":"Normal"},"authentication":"@parameters('$authentication')"}}},"runAfter":{"Append_to_string_variable_AccMan_Tab":["Succeeded"]},"expression":{"greater":["@length(body('Count_Filter_array_AccMan'))",0]},"metadata":{"operationMetadataId":"bfe7666e-62f2-4bfc-bd4b-1f2572ec2800"},"type":"If"},"Append_to_string_variable_CEO_Tab":{"runAfter":{"Condition_6":["Succeeded"]},"metadata":{"operationMetadataId":"9739099d-9673-4c28-8c77-6d093b7546c9"},"type":"AppendToStringVariable","inputs":{"name":"CEOEmailTable","value":"</table>"}},"Condition_7":{"actions":{"Send_an_email_(V2)_7":{"runAfter":{},"metadata":{"operationMetadataId":"69a4099b-a3e0-4bd5-be85-80dccf2b5aff"},"type":"OpenApiConnection","inputs":{"host":{"apiId":"/providers/Microsoft.PowerApps/apis/shared_office365","connectionName":"shared_office365","operationId":"SendEmailV2"},"parameters":{"emailMessage/To":"prince.panchal@cms-induslaw.com","emailMessage/Subject":"Test for CEO","emailMessage/Body":"<p>Hi,<br>\nKindly review and take action on your pending approval at your earliest convenience.<br>\n<br>\n@{variables('CEOEmailTable')}</p>","emailMessage/From":"induslawaccountspayableshared@cms-induslaw.com","emailMessage/Importance":"Normal"},"authentication":"@parameters('$authentication')"}}},"runAfter":{"Append_to_string_variable_CEO_Tab":["Succeeded"]},"expression":{"greater":["@length(body('Count_Filter_array_CEO'))",0]},"metadata":{"operationMetadataId":"86331798-479c-4ce8-9918-dcc7d5225a3f"},"type":"If"},"Count_Filter_array_Partner":{"runAfter":{"Count_Filter_array_CEO":["Succeeded"]},"metadata":{"operationMetadataId":"ef9b74c4-3f95-4b22-a79b-412afeb24a32"},"type":"Query","inputs":{"from":"@outputs('Get_items')?['body/value']","where":"@equals(item()?['VoucherStatus']?['Value'], 'Pending for Partner')"}},"Append_to_string_variable":{"runAfter":{"Condition_7":["Succeeded"]},"metadata":{"operationMetadataId":"eb2d9702-16db-4058-989e-f657451a2e3f"},"type":"AppendToStringVariable","inputs":{"name":"PartnerEmailTable","value":"</table>"}},"Condition_2":{"actions":{"Send_an_email_(V2)":{"runAfter":{},"metadata":{"operationMetadataId":"de904ed9-a602-4800-a274-58bd3dfd3fc5"},"type":"OpenApiConnection","inputs":{"host":{"apiId":"/providers/Microsoft.PowerApps/apis/shared_office365","connectionName":"shared_office365","operationId":"SendEmailV2"},"parameters":{"emailMessage/To":"prince.panchal@cms-induslaw.com","emailMessage/Subject":"Test for Partner","emailMessage/Body":"<p>Hi,<br>\n<br>\nKindly review and take action on your pending approval at your earliest convenience.<br>\n<br>\n@{variables('PartnerEmailTable')}</p>","emailMessage/From":"induslawaccountspayableshared@cms-induslaw.com","emailMessage/Importance":"Normal"},"authentication":"@parameters('$authentication')"}}},"runAfter":{"Append_to_string_variable":["Succeeded"]},"expression":{"greater":["@length(body('Count_Filter_array_Partner'))",0]},"metadata":{"operationMetadataId":"38fa511c-8d2b-4b66-abf9-c978a1a674de"},"type":"If"},"UTCNow":{"runAfter":{"Get_items":["Succeeded"]},"metadata":{"operationMetadataId":"64bbfc15-8604-4636-b23d-53b4eb886d8f"},"type":"InitializeVariable","inputs":{"variables":[{"name":"UTCNow","type":"string","value":"@{utcNow()}"}]}}}},"connectionReferences":{"shared_sharepointonline":{"connectionName":"fe226b5b06fe4eadaa0364430543106d","source":"Embedded","id":"/providers/Microsoft.PowerApps/apis/shared_sharepointonline","tier":"NotSpecified","apiName":"sharepointonline","isProcessSimpleApiReferenceConversionAlreadyDone":false},"shared_office365":{"connectionName":"c9c4789f8875487b8c0d3e622a96aa0c","source":"Embedded","id":"/providers/Microsoft.PowerApps/apis/shared_office365","tier":"NotSpecified","apiName":"office365","isProcessSimpleApiReferenceConversionAlreadyDone":false}},"flowFailureAlertSubscribed":false,"isManaged":false}}