{"name":"c22f8c5b-4ba0-4256-a12c-96edc4852372","id":"/providers/Microsoft.Flow/flows/c22f8c5b-4ba0-4256-a12c-96edc4852372","type":"Microsoft.Flow/flows","properties":{"apiId":"/providers/Microsoft.PowerApps/apis/shared_logicflows","displayName":"StageTracker","definition":{"metadata":{"defaultDataverseMetadataHeader":"application/json;odata.metadata=minimal","workflowEntityId":null,"processAdvisorMetadata":null,"flowChargedByPaygo":null,"flowclientsuspensionreason":"None","flowclientsuspensiontime":null,"flowclientsuspensionreasondetails":null,"creator":{"id":"5373e8b1-b0e2-4508-a0ef-667b6f261605","type":"User","tenantId":"fbb6f8eb-6233-4b2e-9ac3-bcad8d47ffda"},"provisioningMethod":"FromDefinition","failureAlertSubscription":true,"clientLastModifiedTime":"2025-09-12T10:45:40.8157968Z","connectionKeySavedTimeKey":"2025-09-12T10:45:40.8157968Z","creationSource":null},"$schema":"https://schema.management.azure.com/providers/Microsoft.Logic/schemas/2016-06-01/workflowdefinition.json#","contentVersion":"1.0.0.0","parameters":{"$connections":{"defaultValue":{},"type":"Object"},"$authentication":{"defaultValue":{},"type":"SecureObject"}},"triggers":{"When_an_item_is_created_or_modified":{"recurrence":{"frequency":"Minute","interval":3},"splitOn":"@triggerOutputs()?['body/value']","metadata":{"operationMetadataId":"eeed76c5-d8bc-431b-8517-73163a74d2f4"},"type":"OpenApiConnection","inputs":{"host":{"apiId":"/providers/Microsoft.PowerApps/apis/shared_sharepointonline","connectionName":"shared_sharepointonline","operationId":"GetOnUpdatedItems"},"parameters":{"dataset":"https://induslaw2.sharepoint.com/sites/IndusLawITHelpdeskTool","table":"664c4a81-3f36-4205-9238-2e5db517b215"},"authentication":"@parameters('$authentication')"}}},"actions":{"Update_a_row":{"runAfter":{"Compose":["Succeeded"]},"metadata":{"operationMetadataId":"941c3fb9-adb2-465f-813e-5586217db99f"},"type":"OpenApiConnection","inputs":{"host":{"apiId":"/providers/Microsoft.PowerApps/apis/shared_commondataserviceforapps","connectionName":"shared_commondataserviceforapps","operationId":"UpdateOnlyRecord"},"parameters":{"entityName":"msdyn_flow_approvals","recordId":"@triggerOutputs()?['body/Approval_ID']","item/msdyn_flow_approval_stage":192351000,"item/statuscode":192350004,"item/msdyn_flow_approval_result":"@triggerOutputs()?['body/Result/Value']","item/statecode":1},"authentication":"@parameters('$authentication')"}},"Get_a_row_by_ID":{"runAfter":{},"metadata":{"operationMetadataId":"1f5bb0a6-fef0-491a-97ca-4f4bc87f0e8c"},"type":"OpenApiConnection","inputs":{"host":{"apiId":"/providers/Microsoft.PowerApps/apis/shared_commondataserviceforapps","connectionName":"shared_commondataserviceforapps","operationId":"GetItem"},"parameters":{"entityName":"msdyn_flow_approvals","recordId":"@triggerOutputs()?['body/Approval_ID']"},"authentication":"@parameters('$authentication')"}},"Compose":{"runAfter":{"Get_a_row_by_ID":["Succeeded"]},"metadata":{"operationMetadataId":"0fa5a105-54a2-4806-a1a5-67a3ec57f9fb"},"type":"Compose","inputs":"@triggerOutputs()?['body/Result/Value']"}}},"connectionReferences":{"shared_commondataserviceforapps":{"connectionName":"131d72a825df425abfa9f3f2e65bff5b","source":"Embedded","id":"/providers/Microsoft.PowerApps/apis/shared_commondataserviceforapps","tier":"NotSpecified","apiName":"commondataserviceforapps","isProcessSimpleApiReferenceConversionAlreadyDone":false},"shared_sharepointonline":{"connectionName":"fe226b5b06fe4eadaa0364430543106d","source":"Embedded","id":"/providers/Microsoft.PowerApps/apis/shared_sharepointonline","tier":"NotSpecified","apiName":"sharepointonline","isProcessSimpleApiReferenceConversionAlreadyDone":false}},"flowFailureAlertSubscribed":false,"isManaged":false}}