{"schemaVersion":"1.0","appDefinitionTemplate":{"id":"/providers/Microsoft.PowerApps/apps/","type":"Microsoft.PowerApps/apps","tags":{"primaryDeviceWidth":"1366","primaryDeviceHeight":"768","supportsPortrait":"true","supportsLandscape":"true","primaryFormFactor":"Tablet","showStatusBar":"true","publisherVersion":"3.25092.9","minimumRequiredApiVersion":"2.2.0","hasComponent":"true","hasUnlockedComponent":"true","isUnifiedRootApp":"false","sienaVersion":"20250923T080234Z-3.25092.9.0"},"properties":{"appVersion":"2025-09-23T08:02:34Z","lifeCycleId":"Published","createdByClientVersion":{"major":3,"minor":25092,"build":9,"revision":0,"majorRevision":0,"minorRevision":0},"minClientVersion":{"major":3,"minor":25092,"build":9,"revision":0,"majorRevision":0,"minorRevision":0},"backgroundColor":"rgba(255, 255, 255, 1)","backgroundImageUri":"/2775651774419048225/N134f65f4-aea3-406c-b5b4-619b20eb5c91-logoSmallFile","displayName":"Client Expense Voucher","description":"","commitMessage":"","appUris":{"documentUri":{"value":"/2775651774419048225/N8ffe3688-e5cc-433b-9769-ab0143f544e2-document.msapp"},"imageUris":[],"additionalUris":[{"isSolutionAware":false,"value":"/2775651774419048225/Ncf60ca72-803b-48f9-ab3b-3d1f31da9f6f-identity.json"}]},"createdTime":"0001-01-01T00:00:00Z","lastModifiedTime":"0001-01-01T00:00:00Z","sharedGroupsCount":0,"sharedUsersCount":0,"connectionReferences":{"c57d3b04-b9e7-4177-abe1-8afcd6b42971":{"id":"518ba584-25a5-468d-a7dd-b67ef7c4d54a","displayName":"SharePoint","iconUri":"https://conn-afd-prod-endpoint-bmc9bqahasf3grgk.b01.azurefd.net/v1.0.1762/1.0.1762.4298/sharepointonline/icon.png","dataSources":["ClientVoucher","ClientVoucherMasterList","ClientPartnerMasterList","VoucherDatabase","AccountsUser","VOUCSV_Master","DelegatedUsers","NatureOfExpense","SourceofSupply","TaxRate","BillFromState","Class","Location_1","ApproversMaster","CFOMaster","Taxes_Zoho_Book_Master","Reporting_Tags_Zoho_Books_MasterCSV","Customer_Zoho_Book_MasterCSV","Master_Reporting_Tags_Zoho_Books_CSV","JSON Payload Data","Master_Vendor_name_zoho_CSV","Reporting_Tags.CSV","Vendors.CSV","Voucher_Matter.csv","Accounts.CSV","Taxes.CSV","CustomerCSV.csv","Customers_Updated","StageTracker"],"dependencies":[],"dependents":["dae5ef94-c690-4b66-918f-3ff515d12539"],"parameterHints":{},"parameterHintsV2":{},"isOnPremiseConnection":false,"bypassConsent":false,"dataSets":{"https://induslaw2.sharepoint.com/sites/IndusLawITHelpdeskTool":{"dataSources":{"ClientVoucher":{"tableName":"aee1021a-8a14-45e0-b52b-eed124dca0f9"},"ClientVoucherMasterList":{"tableName":"2d441d76-80a9-4100-892e-34b3bd26d867"},"ClientPartnerMasterList":{"tableName":"e23dbf92-0df3-42f4-82e1-a94bb02879cf"},"VoucherDatabase":{"tableName":"298a7b33-9b73-4f43-84f7-5877fe1afbf1"},"AccountsUser":{"tableName":"e513c1c5-fc54-4d56-b528-cf429f61a0fd"},"VOUCSV_Master":{"tableName":"b35139a4-1a60-4cf4-8c5e-c818d960ef9a"},"DelegatedUsers":{"tableName":"48072145-5dcb-4784-b8b4-c31fe878eb44"},"NatureOfExpense":{"tableName":"76f0440b-a3b3-4a34-bd8f-aba37b5a20da"},"Taxes_Zoho_Book_Master":{"tableName":"22d6cebd-8a9d-4885-a35a-9f1819bce84a"},"Reporting_Tags_Zoho_Books_MasterCSV":{"tableName":"728d2269-c0bb-4929-84f1-048717e33d39"},"Customer_Zoho_Book_MasterCSV":{"tableName":"fae69480-a516-4a61-bc5d-75382e205651"},"Master_Reporting_Tags_Zoho_Books_CSV":{"tableName":"e937057e-bb52-4623-abea-34015233391a"},"JSON Payload Data":{"tableName":"7259b771-0bbb-4639-a3b5-019b7ca83692"},"Master_Vendor_name_zoho_CSV":{"tableName":"2ef6230b-fbf0-4750-b88f-371ae44ac294"},"Reporting_Tags.CSV":{"tableName":"8eb61a3b-39ba-4e90-a655-6fee99385cc6"},"Vendors.CSV":{"tableName":"adf535b7-8b25-4d87-a7b3-6e6f268a3eec"},"Voucher_Matter.csv":{"tableName":"b2001cf0-6620-4f8d-be86-34602f7d9700"},"Accounts.CSV":{"tableName":"2d45fbd3-351b-4dca-a3e0-32e6a5ef3a3e"},"Taxes.CSV":{"tableName":"1d0ee037-8561-4628-be01-112fd656262c"},"CustomerCSV.csv":{"tableName":"f5c77f67-e7fa-48e6-8927-3c504a343c44"},"Customers_Updated":{"tableName":"4a064798-936f-4c62-8c0f-86bf47f772e3"},"StageTracker":{"tableName":"664c4a81-3f36-4205-9238-2e5db517b215"}}},"https://induslaw2.sharepoint.com/sites/IndusLawITHelpdeskTool/MasterList":{"dataSources":{"SourceofSupply":{"tableName":"6027c6e9-691c-4f76-896d-4c8184c4ac9a"},"TaxRate":{"tableName":"8271b00c-83b4-4557-8cab-678106545493"},"BillFromState":{"tableName":"ca104de4-6c57-4f2b-943c-b26c5ec7bced"},"Class":{"tableName":"3adb157b-dd5d-482a-b25b-f76d5b4683aa"},"Location_1":{"tableName":"cc4cf4f2-2c14-41d6-aeea-b4b2088f80da"},"ApproversMaster":{"tableName":"b93423ab-c841-4889-a854-45891b8f490a"},"CFOMaster":{"tableName":"5e966ecb-8d22-4755-bd26-58bcf8c222a5"}}}},"apiTier":"Standard","isCustomApiConnection":false,"actions":["providers/PowerPlatform.Governance/Operations/Read","providers/PowerPlatform.Governance/Operations/Write"]},"5dad04b3-d603-4799-b254-bcfa58df4de2":{"id":"e00ff0b3-5eba-4c35-9523-783d62fe664f","displayName":"Office 365 Users","iconUri":"https://conn-afd-prod-endpoint-bmc9bqahasf3grgk.b01.azurefd.net/v1.0.1767/1.0.1767.4332/office365users/icon.png","dataSources":["Office365Users"],"dependencies":[],"dependents":[],"parameterHints":{},"parameterHintsV2":{},"isOnPremiseConnection":false,"bypassConsent":false,"dataSets":{},"apiTier":"Standard","isCustomApiConnection":false,"actions":["UserProfile","SearchUser"]},"7b7a7d3b-01f6-4320-b81f-9e8a99de09f6":{"id":"cd47404a-d579-4eef-98b6-7a05a25334fc","displayName":"Excel Online (Business)","iconUri":"https://conn-afd-prod-endpoint-bmc9bqahasf3grgk.b01.azurefd.net/v1.0.1768/1.0.1768.4342/excelonlinebusiness/icon.png","dataSources":["ClientMatterPartner"],"dependencies":[],"dependents":[],"parameterHints":{},"parameterHintsV2":{},"isOnPremiseConnection":false,"bypassConsent":false,"dataSets":{"me,b%2521mSwA6y20i0q_YcYdYlrMnewvg8aJXRBLunCwNumaPp01O9lXIorASq2HiPKA29Jy,01ZBAUBWD7HKQTRU3M5VF2GZINUQRGBUJH":{"dataSources":{"ClientMatterPartner":{"tableName":"{A28B16BF-294D-4CC7-8007-28FB7B3C563D}"}}}},"apiTier":"Standard","isCustomApiConnection":false,"actions":["providers/PowerPlatform.Governance/Operations/Read"]},"dae5ef94-c690-4b66-918f-3ff515d12539":{"id":"80e53475-ebee-4fbf-9e82-f65eb894f16b","displayName":"Logic flows","iconUri":"https://conn-afd-prod-endpoint-bmc9bqahasf3grgk.b01.azurefd.net/v1.0.1766/1.0.1766.4325/logicflows/icon.png","dataSources":["VoucherDetailsMailAttachment"],"dependencies":["c57d3b04-b9e7-4177-abe1-8afcd6b42971","f2a7732d-aa72-4895-a362-537aa2dc2e7b","9a558d05-e069-4aff-8c7e-9e52cb1ce29b","1e687945-3e85-4270-8993-9c5ff7b0457f"],"dependents":[],"parameterHints":{"workflowName":{"value":"95f22bf3-58fa-4c4c-a030-64f34287c384"},"workflowEntityId":{},"workflowDisplayName":{"value":"GetInvoicePDF"},"c57d3b04-b9e7-4177-abe1-8afcd6b42971":{"value":"shared_sharepointonline"},"f2a7732d-aa72-4895-a362-537aa2dc2e7b":{"value":"shared_approvals"},"9a558d05-e069-4aff-8c7e-9e52cb1ce29b":{"value":"shared_onedriveforbusiness"},"1e687945-3e85-4270-8993-9c5ff7b0457f":{"value":"shared_office365"}},"parameterHintsV2":{"workflowName":{"value":"95f22bf3-58fa-4c4c-a030-64f34287c384"},"workflowEntityId":{},"workflowDisplayName":{"value":"GetInvoicePDF"},"shared_sharepointonline":{"value":"c57d3b04-b9e7-4177-abe1-8afcd6b42971"},"shared_approvals":{"value":"f2a7732d-aa72-4895-a362-537aa2dc2e7b"},"shared_onedriveforbusiness":{"value":"9a558d05-e069-4aff-8c7e-9e52cb1ce29b"},"shared_office365":{"value":"1e687945-3e85-4270-8993-9c5ff7b0457f"}},"isOnPremiseConnection":false,"bypassConsent":false,"dataSets":{},"apiTier":"Standard","isCustomApiConnection":false,"actions":["Run"],"nestedActions":[{"id":"/providers/Microsoft.PowerApps/apis/shared_sharepointonline/apiOperations/GetItems","flowConnectionRef":"shared_sharepointonline","apiName":"SharePoint","actionName":"GetItems","referencedResources":[{"key":"site","value":"https://induslaw2.sharepoint.com/sites/IndusLawITHelpdeskTool"},{"key":"list","value":"aee1021a-8a14-45e0-b52b-eed124dca0f9"},{"key":"site","value":"https://induslaw2.sharepoint.com/sites/IndusLawITHelpdeskTool"}]},{"id":"/providers/Microsoft.PowerApps/apis/shared_sharepointonline/apiOperations/GetItem","flowConnectionRef":"shared_sharepointonline","apiName":"SharePoint","actionName":"GetItem","referencedResources":[{"key":"site","value":"https://induslaw2.sharepoint.com/sites/IndusLawITHelpdeskTool"},{"key":"list","value":"aee1021a-8a14-45e0-b52b-eed124dca0f9"},{"key":"site","value":"https://induslaw2.sharepoint.com/sites/IndusLawITHelpdeskTool"},{"key":"fileId","value":"@items('Apply_to_each_4')?['ID']"}]},{"id":"/providers/Microsoft.PowerApps/apis/shared_sharepointonline/apiOperations/CreateNewFolder","flowConnectionRef":"shared_sharepointonline","apiName":"SharePoint","actionName":"CreateNewFolder","referencedResources":[{"key":"site","value":"https://induslaw2.sharepoint.com/sites/IndusLawITHelpdeskTool"},{"key":"list","value":"577ffef1-fe3d-44b0-a339-ce4f4a8bb123"},{"key":"site","value":"https://induslaw2.sharepoint.com/sites/IndusLawITHelpdeskTool"}]},{"id":"/providers/Microsoft.PowerApps/apis/shared_sharepointonline/apiOperations/GetItemAttachments","flowConnectionRef":"shared_sharepointonline","apiName":"SharePoint","actionName":"GetItemAttachments","referencedResources":[{"key":"site","value":"https://induslaw2.sharepoint.com/sites/IndusLawITHelpdeskTool"},{"key":"list","value":"aee1021a-8a14-45e0-b52b-eed124dca0f9"},{"key":"site","value":"https://induslaw2.sharepoint.com/sites/IndusLawITHelpdeskTool"}]},{"id":"/providers/Microsoft.PowerApps/apis/shared_sharepointonline/apiOperations/GetAttachmentContent","flowConnectionRef":"shared_sharepointonline","apiName":"SharePoint","actionName":"GetAttachmentContent","referencedResources":[{"key":"site","value":"https://induslaw2.sharepoint.com/sites/IndusLawITHelpdeskTool"},{"key":"list","value":"aee1021a-8a14-45e0-b52b-eed124dca0f9"},{"key":"site","value":"https://induslaw2.sharepoint.com/sites/IndusLawITHelpdeskTool"}]},{"id":"/providers/Microsoft.PowerApps/apis/shared_approvals/apiOperations/CreateAnApproval","flowConnectionRef":"shared_approvals","apiName":"Standard approvals","actionName":"CreateAnApproval","referencedResources":[]},{"id":"/providers/Microsoft.PowerApps/apis/shared_onedriveforbusiness/apiOperations/CreateFile","flowConnectionRef":"shared_onedriveforbusiness","apiName":"OneDrive for Business","actionName":"CreateFile","referencedResources":[]},{"id":"/providers/Microsoft.PowerApps/apis/shared_onedriveforbusiness/apiOperations/GetFileContent","flowConnectionRef":"shared_onedriveforbusiness","apiName":"OneDrive for Business","actionName":"GetFileContent","referencedResources":[{"key":"fileId","value":"@outputs('Create_file_2')?['body/Id']"}]},{"id":"/providers/Microsoft.PowerApps/apis/shared_onedriveforbusiness/apiOperations/ConvertFile","flowConnectionRef":"shared_onedriveforbusiness","apiName":"OneDrive for Business","actionName":"ConvertFile","referencedResources":[{"key":"fileId","value":"@outputs('Create_file_2')?['body/Id']"}]},{"id":"/providers/Microsoft.PowerApps/apis/shared_office365/apiOperations/SendEmailV2","flowConnectionRef":"shared_office365","apiName":"Office 365 Outlook","actionName":"SendEmailV2","referencedResources":[]}]},"f2a7732d-aa72-4895-a362-537aa2dc2e7b":{"id":"d4bef0a5-2543-48d7-bea1-a6e739e780ec","displayName":"Standard approvals","iconUri":"https://conn-afd-prod-endpoint-bmc9bqahasf3grgk.b01.azurefd.net/v1.0.1758/1.0.1758.4260/approvals/icon.png","dataSources":[],"dependencies":[],"dependents":["dae5ef94-c690-4b66-918f-3ff515d12539"],"parameterHints":{},"parameterHintsV2":{},"isOnPremiseConnection":false,"bypassConsent":false,"dataSets":{},"apiTier":"Standard","isCustomApiConnection":false},"9a558d05-e069-4aff-8c7e-9e52cb1ce29b":{"id":"80df0ed8-25ce-4a35-94e7-4dd9a6dcf563","displayName":"OneDrive for Business","iconUri":"https://conn-afd-prod-endpoint-bmc9bqahasf3grgk.b01.azurefd.net/v1.0.1763/1.0.1763.4307/onedriveforbusiness/icon.png","dataSources":[],"dependencies":[],"dependents":["dae5ef94-c690-4b66-918f-3ff515d12539"],"parameterHints":{},"parameterHintsV2":{},"isOnPremiseConnection":false,"bypassConsent":false,"dataSets":{},"apiTier":"Standard","isCustomApiConnection":false},"1e687945-3e85-4270-8993-9c5ff7b0457f":{"id":"d510009b-4927-435f-bd0c-a20e87f32dec","displayName":"Office 365 Outlook","iconUri":"https://conn-afd-prod-endpoint-bmc9bqahasf3grgk.b01.azurefd.net/v1.0.1772/1.0.1772.4371/office365/icon.png","dataSources":[],"dependencies":[],"dependents":["dae5ef94-c690-4b66-918f-3ff515d12539"],"parameterHints":{},"parameterHintsV2":{},"isOnPremiseConnection":false,"bypassConsent":false,"dataSets":{},"apiTier":"Standard","isCustomApiConnection":false}},"databaseReferences":{},"almMode":"Environment","performanceOptimizationEnabled":true,"canConsumeAppPass":true,"enableModernRuntimeMode":false,"executionRestrictions":{"isTeamsOnly":false,"dataLossPreventionEvaluationResult":{"status":"Compliant","lastEvaluationDate":"2025-09-23T08:02:46.895779Z","violations":[],"violationsByPolicy":[],"violationErrorMessage":"The app uses the following connectors: shared_sharepointonline, shared_office365users, shared_excelonlinebusiness, shared_logicflows, shared_approvals, shared_onedriveforbusiness, shared_office365."},"httpActionRestriction":{"appUsesSharepointHttpAction":false,"enforcementStrategy":"Legacy","evaluationTime":"2025-09-23T08:02:46.895432Z"}}},"isAppComponentLibrary":false,"appType":"ClassicCanvasApp","appComponents":[]}}