{"name":"135eadf3-21d9-4ec4-9268-5e1e71bed11d","id":"/providers/Microsoft.Flow/flows/135eadf3-21d9-4ec4-9268-5e1e71bed11d","type":"Microsoft.Flow/flows","properties":{"apiId":"/providers/Microsoft.PowerApps/apis/shared_logicflows","displayName":"ZTOPA_1","definition":{"metadata":{"workflowEntityId":null,"processAdvisorMetadata":null,"flowChargedByPaygo":null,"flowclientsuspensionreason":"None","flowclientsuspensiontime":null,"flowclientsuspensionreasondetails":null,"creator":{"id":"5373e8b1-b0e2-4508-a0ef-667b6f261605","type":"User","tenantId":"fbb6f8eb-6233-4b2e-9ac3-bcad8d47ffda"},"provisioningMethod":"FromDefinition","failureAlertSubscription":true,"clientLastModifiedTime":"2025-09-15T08:00:53.9465732Z","connectionKeySavedTimeKey":"2025-09-15T08:00:53.9465732Z","creationSource":"Portal","modifiedSources":"Portal;PowerAppsMaker"},"$schema":"https://schema.management.azure.com/providers/Microsoft.Logic/schemas/2016-06-01/workflowdefinition.json#","contentVersion":"undefined","parameters":{"$connections":{"defaultValue":{},"type":"Object"},"$authentication":{"defaultValue":{},"type":"SecureObject"}},"triggers":{"manual":{"metadata":{"operationMetadataId":"8b83a30a-5f4e-48a1-bde6-bd097ebb0967"},"type":"Request","kind":"Http","inputs":{"schema":{"type":"object","properties":{"code":{"type":"string"},"message":{"type":"string"},"bill_id":{"type":"string"}}},"method":"POST","triggerAuthenticationType":"All"}}},"actions":{"Condition":{"actions":{"Compose_1":{"runAfter":{},"metadata":{"operationMetadataId":"9c938184-09c0-4a25-a674-d2950d9307a9"},"type":"Compose","inputs":"@triggerBody()?['message']"},"Get_items":{"runAfter":{"Compose_1":["Succeeded"]},"metadata":{"operationMetadataId":"df0162b4-f567-49f0-9366-f0fcb3fda338"},"type":"OpenApiConnection","inputs":{"host":{"apiId":"/providers/Microsoft.PowerApps/apis/shared_sharepointonline","connectionName":"shared_sharepointonline","operationId":"GetItems"},"parameters":{"dataset":"https://induslaw2.sharepoint.com/sites/IndusLawITHelpdeskTool","table":"7259b771-0bbb-4639-a3b5-019b7ca83692","$filter":"Bill_No eq '@{triggerBody()?['bill_id']}'","$top":1},"authentication":"@parameters('$authentication')"}},"Condition_1":{"actions":{"For_each":{"foreach":"@outputs('Get_items')?['body/value']","actions":{"Compose":{"runAfter":{},"metadata":{"operationMetadataId":"23b68602-2b41-4ff2-bf9e-7f5c8e6fbf1b"},"type":"Compose","inputs":"@concat(\r\nstring(items('For_each')?['ApiResponseDetails']),\r\ndecodeUriComponent('%0A'),\r\nstring(triggerBody()?['message'])\r\n)"},"Compose_3":{"runAfter":{"Compose":["Succeeded"]},"metadata":{"operationMetadataId":"1fc8411a-d0c1-48a5-8540-edbca3339261"},"type":"Compose","inputs":"@concat(\r\nstring(items('For_each')?['ApiStatusCode']),\r\ndecodeUriComponent('%0A'),\r\nstring(triggerBody()?['code'])\r\n)"},"Condition_2":{"actions":{"Update_item_1_1":{"runAfter":{},"metadata":{"operationMetadataId":"c617e1c8-4c89-4555-af41-f4a6e3ae8a85"},"type":"OpenApiConnection","inputs":{"host":{"apiId":"/providers/Microsoft.PowerApps/apis/shared_sharepointonline","connectionName":"shared_sharepointonline","operationId":"PatchItem"},"parameters":{"dataset":"https://induslaw2.sharepoint.com/sites/IndusLawITHelpdeskTool","table":"7259b771-0bbb-4639-a3b5-019b7ca83692","id":"@items('For_each')?['ID']","item/IsModified":false,"item/DataOverWritten":0,"item/DataPendingOverWritten":0,"item/ApiStatusCode":"@triggerBody()?['code']","item/ApiResponseDetails":"@triggerBody()?['message']"},"authentication":"@parameters('$authentication')"}}},"runAfter":{"Compose_3":["Succeeded"]},"else":{"actions":{"Update_item_1":{"runAfter":{},"metadata":{"operationMetadataId":"c617e1c8-4c89-4555-af41-f4a6e3ae8a85"},"type":"OpenApiConnection","inputs":{"host":{"apiId":"/providers/Microsoft.PowerApps/apis/shared_sharepointonline","connectionName":"shared_sharepointonline","operationId":"PatchItem"},"parameters":{"dataset":"https://induslaw2.sharepoint.com/sites/IndusLawITHelpdeskTool","table":"7259b771-0bbb-4639-a3b5-019b7ca83692","id":"@items('For_each')?['ID']","item/IsModified":false,"item/DataOverWritten":0,"item/DataPendingOverWritten":0,"item/ApiStatusCode":"@outputs('Compose_3')","item/ApiResponseDetails":"@outputs('Compose')"},"authentication":"@parameters('$authentication')"}}}},"expression":{"and":[{"equals":["@items('For_each')?['ApiResponseDetails']","@null"]}]},"metadata":{"operationMetadataId":"20a31c89-b765-461e-851d-6aa6957d9930"},"type":"If"}},"runAfter":{},"metadata":{"operationMetadataId":"d3cffddd-fad2-4f30-b682-901566939dfb"},"type":"Foreach"}},"runAfter":{"Get_items":["Succeeded"]},"else":{"actions":{"Send_an_email_notification_(V3)":{"runAfter":{},"metadata":{"operationMetadataId":"76e212e2-f096-4d04-802e-0b0b5b5745c8"},"type":"OpenApiConnection","inputs":{"host":{"apiId":"/providers/Microsoft.PowerApps/apis/shared_sendmail","connectionName":"shared_sendmail","operationId":"SendEmailV3"},"parameters":{"request/to":"test.user@indusla","request/subject":"Failure to find Bill Id","request/text":"<p class=\"editor-paragraph\">Failure to find Bill Id</p>"},"authentication":"@parameters('$authentication')"}}}},"expression":{"and":[{"greater":["@length(outputs('Get_items')?['body/value'])",0]}]},"metadata":{"operationMetadataId":"d416e2f4-e821-46ac-9df3-b6eb89de9877"},"type":"If"},"Condition_3":{"actions":{"Apply_to_each":{"foreach":"@outputs('Get_items')?['body/value']","actions":{"Get_items_2":{"runAfter":{},"metadata":{"operationMetadataId":"b83cf100-5c41-46ee-bbfd-63810d56bc4d"},"type":"OpenApiConnection","inputs":{"host":{"apiId":"/providers/Microsoft.PowerApps/apis/shared_sharepointonline","connectionName":"shared_sharepointonline","operationId":"GetItems"},"parameters":{"dataset":"https://induslaw2.sharepoint.com/sites/IndusLawITHelpdeskTool","table":"aee1021a-8a14-45e0-b52b-eed124dca0f9","$filter":"S_x002e_No_x002e_ eq '@{items('Apply_to_each')?['Bill_No']}'"},"authentication":"@parameters('$authentication')"}},"Apply_to_each_2":{"foreach":"@outputs('Get_items_2')?['body/value']","actions":{"Update_item":{"runAfter":{},"metadata":{"operationMetadataId":"57d32121-5e06-473a-966b-1b3009539c71"},"type":"OpenApiConnection","inputs":{"host":{"apiId":"/providers/Microsoft.PowerApps/apis/shared_sharepointonline","connectionName":"shared_sharepointonline","operationId":"PatchItem"},"parameters":{"dataset":"https://induslaw2.sharepoint.com/sites/IndusLawITHelpdeskTool","table":"aee1021a-8a14-45e0-b52b-eed124dca0f9","id":"@items('Apply_to_each_2')?['ID']","item/AccTeamApprovalSent":false,"item/AccountsManagerApproval/Value":"Pending","item/AccManagApprovalSent":false,"item/CFOApprovalSent":false,"item/DharmeshApproval/Value":"Pending","item/CEOApprovalSent":false,"item/Jay_x0028_CEO_x0029_Approval/Value":"Pending","item/UpdatedinZoho":true,"item/SenttoZoho":true},"authentication":"@parameters('$authentication')"}}},"runAfter":{"Get_items_2":["Succeeded"]},"metadata":{"operationMetadataId":"8faf2050-28da-41cf-8a52-c37ed6b19d7a"},"type":"Foreach"}},"runAfter":{},"metadata":{"operationMetadataId":"2d4a0549-f092-4354-b074-8d5428364b7a"},"type":"Foreach"}},"runAfter":{"Condition_1":["Succeeded"]},"expression":{"and":[{"equals":["@triggerBody()?['code']","@'0'"]}]},"metadata":{"operationMetadataId":"a2aeb7ca-9056-4593-8a5c-2c7a179464a6"},"type":"If"}},"runAfter":{"Compose_2":["Succeeded"]},"else":{"actions":{"Send_an_email_notification_(V3)_1":{"runAfter":{},"metadata":{"operationMetadataId":"07e892d0-1b83-4a55-b262-e6251fe32cf7"},"type":"OpenApiConnection","inputs":{"host":{"apiId":"/providers/Microsoft.PowerApps/apis/shared_sendmail","connectionName":"shared_sendmail-1","operationId":"SendEmailV3"},"parameters":{"request/to":"test.user@induslaw.com","request/subject":"Auth Failure","request/text":"<p class=\"editor-paragraph\">Auth Failure</p>"},"authentication":"@parameters('$authentication')"}}}},"expression":{"and":[{"equals":["@triggerOutputs()?['headers']['x-api-token']","9ff91f0f05cb7a29678fc2fe1807241b885f0d1a3deaad1b963a42569085587df0f5403697eebcf81de4ebbbc298f745c99f43374450922ac24dbf7ef5120b8b"]}]},"metadata":{"operationMetadataId":"3abc0631-e815-45ea-b482-e520a8d1cdbb"},"type":"If"},"Compose_2":{"runAfter":{},"metadata":{"operationMetadataId":"306f6bf7-096a-417e-8810-8cfab9308112"},"type":"Compose","inputs":"@triggerOutputs()"}}},"connectionReferences":{"shared_sharepointonline":{"connectionName":"fe226b5b06fe4eadaa0364430543106d","source":"Embedded","id":"/providers/Microsoft.PowerApps/apis/shared_sharepointonline","tier":"NotSpecified","apiName":"sharepointonline","isProcessSimpleApiReferenceConversionAlreadyDone":false},"shared_sendmail":{"connectionName":"shared-sendmail-42d6bbca-16b0-4ac7-91ae-860a8b7cc3ad","source":"Embedded","id":"/providers/Microsoft.PowerApps/apis/shared_sendmail","tier":"NotSpecified","apiName":"sendmail","isProcessSimpleApiReferenceConversionAlreadyDone":false},"shared_sendmail-1":{"connectionName":"shared-sendmail-4a9bedce-7ff3-4fa4-bc13-2241e0116c2f","source":"Embedded","id":"/providers/Microsoft.PowerApps/apis/shared_sendmail","tier":"NotSpecified","apiName":"sendmail","isProcessSimpleApiReferenceConversionAlreadyDone":false}},"flowFailureAlertSubscribed":false,"isManaged":false}}